Transaction ID,Date,Month,Day,Year,Spending Category,Revenue,Amount Spent,Net Cash Flow,Monthly Budget,Monthly Budget Remaining,Budget Used %,Expense Description,Vendor Name,Vendor City,Vendor State,DMV Local Vendor,Vendor Ownership Classification,Invoice Number,Invoice Date,Payment Due Date,Payment Date,Payment Status,Days to Pay,On-Time Payment,Approval Required,Approval Status,Approver,Receipt Attached,Categorization Status,Automation Status,Duplicate Flag,Large Expense Flag,Category Anomaly Flag,Budget Alert,Review Required,Fair Operations Note,Invoice Reminder Sent,Monthly Report Included
TXN-2026-0001,01/01/2026,1,1,2026,Software & Subscriptions,14613.48,1288.75,13324.73,100000.00,98711.25,0.0129,Cybersecurity tools,Blue Ridge Digital Tools,Arlington,VA,Yes,Veteran-Owned,INV-0101-0001,12/28/2025,01/27/2026,12/30/2025,Paid On Time,2,Yes,No,Auto-Approved,Policy Engine,Yes,Categorized,Expense categorized → Budget updated,No,No,No,No,No,Local DMV vendor; voluntarily identified as Veteran-Owned,No,Yes
TXN-2026-0002,01/02/2026,1,2,2026,Equipment,12425.97,554.27,11871.70,100000.00,98156.98,0.0184,Point-of-sale equipment,Commonwealth Equipment Co.,Alexandria,VA,Yes,Not Disclosed,INV-0102-0002,01/02/2026,02/01/2026,01/07/2026,Paid On Time,5,Yes,No,Auto-Approved,Policy Engine,Yes,Categorized,Expense categorized → Budget updated,No,No,No,No,No,Local DMV vendor,No,Yes
TXN-2026-0003,01/03/2026,1,3,2026,Utilities,7369.66,1231.87,6137.79,100000.00,96925.11,0.0307,Internet and phone service,Dominion Energy Virginia,Richmond,VA,Yes,Woman-Owned,INV-0103-0003,12/31/2025,01/15/2026,01/19/2026,Paid Late,19,No,No,Auto-Approved,Policy Engine,Yes,Categorized,Expense categorized → Budget updated → Exception flagged,No,No,No,No,Yes,Vendor payment was late; review payment process,No,Yes
TXN-2026-0004,01/04/2026,1,4,2026,Equipment,8168.68,2100.77,6067.91,100000.00,94824.34,0.0518,Networking hardware,Commonwealth Equipment Co.,Alexandria,VA,Yes,Not Disclosed,INV-0104-0004,01/04/2026,02/03/2026,01/14/2026,Paid On Time,10,Yes,Yes,Approved,Taylor Johnson,No,Categorized,Expense categorized → Budget updated → Approval workflow triggered → Exception flagged,No,No,No,No,Yes,Local DMV vendor,No,Yes
TXN-2026-0005,01/05/2026,1,5,2026,Marketing,13824.52,3678.45,10146.07,100000.00,91145.89,0.0885,Community outreach materials,Arlington Media Lab,Arlington,VA,Yes,Woman-Owned,INV-0105-0005,01/04/2026,01/19/2026,02/08/2026,Paid Late,35,No,Yes,Approved,Morgan Davis,Yes,Categorized,Expense categorized → Budget updated → Approval workflow triggered → Exception flagged,No,No,No,No,Yes,Vendor payment was late; review payment process,No,Yes
TXN-2026-0006,01/06/2026,1,6,2026,Software & Subscriptions,12562.50,872.98,11689.52,100000.00,90272.91,0.0973,Cybersecurity tools,Capital Cloud Systems,Washington,DC,Yes,Veteran-Owned,INV-0106-0006,01/04/2026,02/03/2026,02/08/2026,Paid Late,35,No,No,Auto-Approved,Policy Engine,Yes,Categorized,Expense categorized → Budget updated → Exception flagged,No,No,No,No,Yes,Vendor payment was late; review payment process,No,Yes
TXN-2026-0007,01/07/2026,1,7,2026,Payroll,16083.74,1916.66,14167.08,100000.00,88356.25,0.1164,Operations team payroll,Internal Payroll,Washington,DC,Yes,Woman-Owned,INV-0107-0007,01/06/2026,01/21/2026,02/10/2026,Paid Late,35,No,No,Auto-Approved,Policy Engine,Yes,Categorized,Expense categorized → Budget updated → Exception flagged,No,No,No,No,Yes,Vendor payment was late; review payment process,No,Yes
TXN-2026-0008,01/08/2026,1,8,2026,Software & Subscriptions,13463.51,3903.15,9560.36,100000.00,84453.10,0.1555,Monthly software licenses,Capital Cloud Systems,Washington,DC,Yes,Not Disclosed,INV-0108-0008,01/03/2026,02/17/2026,02/12/2026,Paid On Time,40,Yes,Yes,Approved,Taylor Johnson,Yes,Categorized,Expense categorized → Budget updated → Approval workflow triggered → Exception flagged,No,No,Yes,No,Yes,Local DMV vendor,No,Yes
TXN-2026-0009,01/09/2026,1,9,2026,Office Supplies,15106.82,516.42,14590.40,100000.00,83936.68,0.1606,General office supplies,Montgomery Office Market,Rockville,MD,Yes,Not Disclosed,INV-0109-0009,01/06/2026,02/05/2026,01/19/2026,Paid On Time,13,Yes,No,Auto-Approved,Policy Engine,Yes,Categorized,Expense categorized → Budget updated,No,No,No,No,No,Local DMV vendor,No,Yes
TXN-2026-0010,01/10/2026,1,10,2026,Travel,6849.38,2834.69,4014.69,100000.00,81101.99,0.1890,Regional conference travel,DMV Mobility Partners,College Park,MD,Yes,Disability-Owned,INV-0110-0010,01/08/2026,02/22/2026,02/15/2026,Paid On Time,38,Yes,Yes,Approved,Casey Williams,Yes,Categorized,Expense categorized → Budget updated → Approval workflow triggered → Exception flagged,No,No,Yes,No,Yes,Local DMV vendor; voluntarily identified as Disability-Owned,No,Yes
TXN-2026-0011,01/11/2026,1,11,2026,Utilities,8666.12,3744.77,4921.35,100000.00,77357.22,0.2264,Water and facility utilities,Washington Gas,Washington,DC,Yes,Disability-Owned,INV-0111-0011,01/11/2026,02/10/2026,01/19/2026,Paid On Time,8,Yes,Yes,Approved,Casey Williams,Yes,Categorized,Expense categorized → Budget updated → Approval workflow triggered,No,No,No,No,No,Local DMV vendor; voluntarily identified as Disability-Owned,No,Yes
TXN-2026-0012,01/12/2026,1,12,2026,—,16266.97,0.00,16266.97,100000.00,77357.22,0.2264,Revenue-only day; no expense recorded,Not Applicable,Not Applicable,Not Applicable,Not Applicable,Not Applicable,Not Applicable,,,,Not Applicable,,Not Applicable,No,Not Applicable,Not Applicable,Not Applicable,Not Applicable,No expense workflow needed,No,No,No,No,No,No vendor payment on this date,No,Yes
TXN-2026-0013,01/13/2026,1,13,2026,Professional Services,15756.53,3105.93,12650.60,100000.00,74251.29,0.2575,Accounting and bookkeeping,Potomac Legal & Advisory,Bethesda,MD,Yes,Woman-Owned,INV-0113-0013,01/10/2026,02/09/2026,01/15/2026,Paid On Time,5,Yes,Yes,Approved,Jordan Lee,Yes,Categorized,Expense categorized → Budget updated → Approval workflow triggered,No,No,No,No,No,Local DMV vendor; voluntarily identified as Woman-Owned,No,Yes
TXN-2026-0014,01/14/2026,1,14,2026,Utilities,13561.26,3266.31,10294.95,100000.00,70984.98,0.2902,Water and facility utilities,Pepco,Washington,DC,Yes,Not Disclosed,INV-0114-0014,01/09/2026,01/24/2026,02/08/2026,Paid Late,30,No,Yes,Approved,Morgan Davis,Yes,Categorized,Expense categorized → Budget updated → Approval workflow triggered → Exception flagged,No,No,No,No,Yes,Vendor payment was late; review payment process,No,Yes
TXN-2026-0015,01/15/2026,1,15,2026,Payroll,15056.01,2982.46,12073.55,100000.00,68002.52,0.3200,Administrative payroll,Internal Payroll,Washington,DC,Yes,Not Disclosed,INV-0115-0015,01/11/2026,01/26/2026,01/18/2026,Paid On Time,7,Yes,Yes,Approved,Morgan Davis,Yes,Categorized,Expense categorized → Budget updated → Approval workflow triggered,No,No,No,No,No,Local DMV vendor,No,Yes
TXN-2026-0016,01/16/2026,1,16,2026,—,12733.01,0.00,12733.01,100000.00,68002.52,0.3200,Revenue-only day; no expense recorded,Not Applicable,Not Applicable,Not Applicable,Not Applicable,Not Applicable,Not Applicable,,,,Not Applicable,,Not Applicable,No,Not Applicable,Not Applicable,Not Applicable,Not Applicable,No expense workflow needed,No,No,No,No,No,No vendor payment on this date,No,Yes
TXN-2026-0017,01/17/2026,1,17,2026,Equipment,6324.57,1171.21,5153.36,100000.00,66831.31,0.3317,Office equipment replacement,Commonwealth Equipment Co.,Alexandria,VA,Yes,LGBTQ+-Owned,INV-0117-0017,01/12/2026,02/11/2026,02/18/2026,Paid Late,37,No,No,Auto-Approved,Policy Engine,Yes,Categorized,Expense categorized → Budget updated → Exception flagged,No,No,No,No,Yes,Vendor payment was late; review payment process,No,Yes
TXN-2026-0018,01/18/2026,1,18,2026,—,7039.04,0.00,7039.04,100000.00,66831.31,0.3317,Revenue-only day; no expense recorded,Not Applicable,Not Applicable,Not Applicable,Not Applicable,Not Applicable,Not Applicable,,,,Not Applicable,,Not Applicable,No,Not Applicable,Not Applicable,Not Applicable,Not Applicable,No expense workflow needed,No,No,No,No,No,No vendor payment on this date,No,Yes
TXN-2026-0019,01/19/2026,1,19,2026,—,12262.13,0.00,12262.13,100000.00,66831.31,0.3317,Revenue-only day; no expense recorded,Not Applicable,Not Applicable,Not Applicable,Not Applicable,Not Applicable,Not Applicable,,,,Not Applicable,,Not Applicable,No,Not Applicable,Not Applicable,Not Applicable,Not Applicable,No expense workflow needed,No,No,No,No,No,No vendor payment on this date,No,Yes
TXN-2026-0020,01/20/2026,1,20,2026,Payroll,15570.20,1131.07,14439.13,100000.00,65700.24,0.3430,Employee payroll disbursement,Internal Payroll,Washington,DC,Yes,Not Disclosed,INV-0120-0020,01/20/2026,02/19/2026,02/21/2026,Paid Late,32,No,No,Auto-Approved,Policy Engine,Yes,Categorized,Expense categorized → Budget updated → Exception flagged,No,No,No,No,Yes,Vendor payment was late; review payment process,No,Yes
TXN-2026-0021,01/21/2026,1,21,2026,—,16188.80,0.00,16188.80,100000.00,65700.24,0.3430,Revenue-only day; no expense recorded,Not Applicable,Not Applicable,Not Applicable,Not Applicable,Not Applicable,Not Applicable,,,,Not Applicable,,Not Applicable,No,Not Applicable,Not Applicable,Not Applicable,Not Applicable,No expense workflow needed,No,No,No,No,No,No vendor payment on this date,No,Yes
TXN-2026-0022,01/22/2026,1,22,2026,Office Supplies,13436.58,4263.78,9172.80,100000.00,61436.46,0.3856,Printer and paper supplies,District Business Supply,Washington,DC,Yes,Not Disclosed,INV-0122-0022,01/17/2026,03/03/2026,02/05/2026,Paid On Time,19,Yes,Yes,Approved,Morgan Davis,Yes,Categorized,Expense categorized → Budget updated → Approval workflow triggered → Exception flagged,No,Yes,Yes,No,Yes,Local DMV vendor,No,Yes
TXN-2026-0023,01/23/2026,1,23,2026,Operations,14892.55,1296.82,13595.73,100000.00,60139.64,0.3986,Facility operations expense,Virginia Business Logistics,Alexandria,VA,Yes,Veteran-Owned,INV-0123-0023,01/22/2026,03/08/2026,02/11/2026,Paid On Time,20,Yes,No,Auto-Approved,Policy Engine,Yes,Categorized,Expense categorized → Budget updated,No,No,No,No,No,Local DMV vendor; voluntarily identified as Veteran-Owned,No,Yes
TXN-2026-0024,01/24/2026,1,24,2026,Miscellaneous,8121.82,2142.22,5979.60,100000.00,57997.42,0.4200,Community event expense,Commonwealth Service Hub,Falls Church,VA,Yes,Not Disclosed,INV-0124-0024,01/20/2026,02/04/2026,02/24/2026,Paid Late,35,No,No,Auto-Approved,Policy Engine,Yes,Categorized,Expense categorized → Budget updated → Exception flagged,No,No,No,No,Yes,Vendor payment was late; review payment process,No,Yes
TXN-2026-0025,01/25/2026,1,25,2026,Operations,8225.94,2519.30,5706.64,100000.00,55478.12,0.4452,Inventory and fulfillment support,Capital Operations Group,Washington,DC,Yes,Woman-Owned,INV-0125-0025,01/21/2026,02/20/2026,02/22/2026,Paid Late,32,No,Yes,Approved,Taylor Johnson,Yes,Categorized,Expense categorized → Budget updated → Approval workflow triggered → Exception flagged,No,No,No,No,Yes,Vendor payment was late; review payment process,No,Yes
TXN-2026-0026,01/26/2026,1,26,2026,Payroll,12500.00,860.71,11639.29,100000.00,54617.41,0.4538,Hourly staff payroll,Internal Payroll,Washington,DC,Yes,Not Disclosed,INV-0126-0026,01/22/2026,02/21/2026,02/03/2026,Paid On Time,12,Yes,No,Auto-Approved,Policy Engine,Yes,Categorized,Expense categorized → Budget updated,No,No,No,No,No,Local DMV vendor,No,Yes
TXN-2026-0027,01/27/2026,1,27,2026,Miscellaneous,12815.92,445.40,12370.52,100000.00,54172.01,0.4583,Small business operating expense,Neighborhood Business Market,Washington,DC,Yes,Woman-Owned,INV-0127-0027,01/27/2026,02/26/2026,02/13/2026,Paid On Time,17,Yes,No,Auto-Approved,Policy Engine,Yes,Categorized,Expense categorized → Budget updated,No,No,No,No,No,Local DMV vendor; voluntarily identified as Woman-Owned,No,Yes
TXN-2026-0028,01/28/2026,1,28,2026,—,13803.12,0.00,13803.12,100000.00,54172.01,0.4583,Revenue-only day; no expense recorded,Not Applicable,Not Applicable,Not Applicable,Not Applicable,Not Applicable,Not Applicable,,,,Not Applicable,,Not Applicable,No,Not Applicable,Not Applicable,Not Applicable,Not Applicable,No expense workflow needed,No,No,No,No,No,No vendor payment on this date,No,Yes
TXN-2026-0029,01/29/2026,1,29,2026,—,14464.10,0.00,14464.10,100000.00,54172.01,0.4583,Revenue-only day; no expense recorded,Not Applicable,Not Applicable,Not Applicable,Not Applicable,Not Applicable,Not Applicable,,,,Not Applicable,,Not Applicable,No,Not Applicable,Not Applicable,Not Applicable,Not Applicable,No expense workflow needed,No,No,No,No,No,No vendor payment on this date,No,Yes
TXN-2026-0030,01/30/2026,1,30,2026,Payroll,15935.43,3319.95,12615.48,100000.00,50852.06,0.4915,Operations team payroll,Internal Payroll,Washington,DC,Yes,Woman-Owned,INV-0130-0030,01/29/2026,02/28/2026,02/10/2026,Paid On Time,12,Yes,Yes,Approved,Morgan Davis,Yes,Categorized,Expense categorized → Budget updated → Approval workflow triggered,No,No,No,No,No,Local DMV vendor; voluntarily identified as Woman-Owned,No,Yes
TXN-2026-0031,01/31/2026,1,31,2026,Travel,8060.67,668.72,7391.95,100000.00,50183.34,0.4982,Mileage and transit reimbursement,DMV Mobility Partners,College Park,MD,Yes,Veteran-Owned,INV-0131-0031,01/28/2026,03/14/2026,03/08/2026,Paid On Time,39,Yes,No,Auto-Approved,Policy Engine,Yes,Categorized,Expense categorized → Budget updated,No,No,No,No,No,Local DMV vendor; voluntarily identified as Veteran-Owned,No,Yes
TXN-2026-0032,02/01/2026,2,1,2026,Software & Subscriptions,7617.57,4669.28,2948.29,100000.00,95330.72,0.0467,Monthly software licenses,Blue Ridge Digital Tools,Arlington,VA,Yes,Veteran-Owned,INV-0201-0032,01/30/2026,03/16/2026,03/05/2026,Paid On Time,34,Yes,Yes,Approved,Morgan Davis,Yes,Categorized,Expense categorized → Budget updated → Approval workflow triggered → Exception flagged,No,Yes,Yes,No,Yes,Local DMV vendor; voluntarily identified as Veteran-Owned,No,Yes
TXN-2026-0033,02/02/2026,2,2,2026,Payroll,15536.63,4197.91,11338.72,100000.00,91132.81,0.0887,Operations team payroll,Internal Payroll,Washington,DC,Yes,Not Disclosed,INV-0202-0033,01/30/2026,03/01/2026,03/06/2026,Paid Late,35,No,Yes,Approved,Jordan Lee,Yes,Categorized,Expense categorized → Budget updated → Approval workflow triggered → Exception flagged,No,Yes,No,No,Yes,Vendor payment was late; review payment process,No,Yes
TXN-2026-0034,02/03/2026,2,3,2026,Miscellaneous,13509.16,1074.94,12434.22,100000.00,90057.87,0.0994,Community event expense,Beltway General Services,Takoma Park,MD,Yes,LGBTQ+-Owned,INV-0203-0034,02/03/2026,03/20/2026,03/02/2026,Paid On Time,27,Yes,No,Auto-Approved,Policy Engine,Yes,Categorized,Expense categorized → Budget updated,No,No,No,No,No,Local DMV vendor; voluntarily identified as LGBTQ+-Owned,No,Yes
TXN-2026-0035,02/04/2026,2,4,2026,Equipment,13853.22,4420.99,9432.23,100000.00,85636.88,0.1436,Computer equipment purchase,DMV Office Tech,Silver Spring,MD,Yes,Woman-Owned,INV-0204-0035,02/04/2026,03/06/2026,03/02/2026,Paid On Time,26,Yes,Yes,Approved,Taylor Johnson,Yes,Categorized,Expense categorized → Budget updated → Approval workflow triggered → Exception flagged,No,Yes,Yes,No,Yes,Local DMV vendor; voluntarily identified as Woman-Owned,No,Yes
TXN-2026-0036,02/05/2026,2,5,2026,Payroll,14855.36,4470.31,10385.05,100000.00,81166.57,0.1883,Administrative payroll,Internal Payroll,Washington,DC,Yes,Not Disclosed,INV-0205-0036,02/05/2026,03/07/2026,03/06/2026,Paid On Time,29,Yes,Yes,Approved,Jordan Lee,Yes,Categorized,Expense categorized → Budget updated → Approval workflow triggered → Exception flagged,No,Yes,No,No,Yes,Local DMV vendor,No,Yes
TXN-2026-0037,02/06/2026,2,6,2026,—,16098.38,0.00,16098.38,100000.00,81166.57,0.1883,Revenue-only day; no expense recorded,Not Applicable,Not Applicable,Not Applicable,Not Applicable,Not Applicable,Not Applicable,,,,Not Applicable,,Not Applicable,No,Not Applicable,Not Applicable,Not Applicable,Not Applicable,No expense workflow needed,No,No,No,No,No,No vendor payment on this date,No,Yes
TXN-2026-0038,02/07/2026,2,7,2026,Miscellaneous,7097.26,4553.31,2543.95,100000.00,76613.26,0.2339,Small business operating expense,Commonwealth Service Hub,Falls Church,VA,Yes,Disability-Owned,INV-0207-0038,02/03/2026,03/05/2026,02/21/2026,Paid On Time,18,Yes,Yes,Approved,Morgan Davis,Yes,Categorized,Expense categorized → Budget updated → Approval workflow triggered → Exception flagged,No,Yes,Yes,No,Yes,Local DMV vendor; voluntarily identified as Disability-Owned,No,Yes
TXN-2026-0039,02/08/2026,2,8,2026,Payroll,6127.68,4697.63,1430.05,100000.00,71915.63,0.2808,Administrative payroll,Internal Payroll,Washington,DC,Yes,Not Disclosed,INV-0208-0039,02/05/2026,03/22/2026,03/03/2026,Paid On Time,26,Yes,Yes,Approved,Morgan Davis,Yes,Categorized,Expense categorized → Budget updated → Approval workflow triggered → Exception flagged,No,Yes,Yes,No,Yes,Local DMV vendor,No,Yes
TXN-2026-0040,02/09/2026,2,9,2026,Professional Services,14611.91,4552.85,10059.06,100000.00,67362.78,0.3264,Business advisory services,Potomac Legal & Advisory,Bethesda,MD,Yes,Not Disclosed,INV-0209-0040,02/07/2026,02/22/2026,02/10/2026,Paid On Time,3,Yes,Yes,Approved,Casey Williams,Yes,Categorized,Expense categorized → Budget updated → Approval workflow triggered → Exception flagged,No,Yes,Yes,No,Yes,Local DMV vendor,No,Yes
TXN-2026-0041,02/10/2026,2,10,2026,Miscellaneous,13006.56,2117.59,10888.97,100000.00,65245.19,0.3475,General administrative purchase,Commonwealth Service Hub,Falls Church,VA,Yes,Not Disclosed,INV-0210-0041,02/10/2026,03/27/2026,02/12/2026,Paid On Time,2,Yes,No,Auto-Approved,Policy Engine,Yes,Categorized,Expense categorized → Budget updated,No,No,No,No,No,Local DMV vendor,No,Yes
TXN-2026-0042,02/11/2026,2,11,2026,Utilities,13223.91,3465.21,9758.70,100000.00,61779.98,0.3822,Internet and phone service,Pepco,Washington,DC,Yes,Woman-Owned,INV-0211-0042,02/09/2026,03/11/2026,02/13/2026,Paid On Time,4,Yes,Yes,Approved,Morgan Davis,Yes,Categorized,Expense categorized → Budget updated → Approval workflow triggered,No,No,No,No,No,Local DMV vendor; voluntarily identified as Woman-Owned,No,Yes
TXN-2026-0043,02/12/2026,2,12,2026,Travel,14059.57,2187.17,11872.40,100000.00,59592.81,0.4041,Local business travel,Capital Transit Services,Washington,DC,Yes,Minority-Owned,INV-0212-0043,02/08/2026,03/25/2026,03/08/2026,Paid On Time,28,Yes,No,Auto-Approved,Policy Engine,Yes,Categorized,Expense categorized → Budget updated,No,No,No,No,No,Local DMV vendor; voluntarily identified as Minority-Owned,No,Yes
TXN-2026-0044,02/13/2026,2,13,2026,Utilities,14593.33,447.72,14145.61,100000.00,59145.09,0.4085,Electric utility payment,Dominion Energy Virginia,Richmond,VA,Yes,Woman-Owned,INV-0213-0044,02/10/2026,03/12/2026,02/21/2026,Paid On Time,11,Yes,No,Auto-Approved,Policy Engine,Yes,Categorized,Expense categorized → Budget updated,No,No,No,No,No,Local DMV vendor; voluntarily identified as Woman-Owned,No,Yes
TXN-2026-0045,02/14/2026,2,14,2026,Miscellaneous,5882.95,1174.01,4708.94,100000.00,57971.08,0.4203,Unplanned business expense,Beltway General Services,Takoma Park,MD,Yes,Minority-Owned,INV-0214-0045,02/09/2026,03/11/2026,03/06/2026,Paid On Time,25,Yes,No,Auto-Approved,Policy Engine,Yes,Categorized,Expense categorized → Budget updated,No,No,No,No,No,Local DMV vendor; voluntarily identified as Minority-Owned,No,Yes
TXN-2026-0046,02/15/2026,2,15,2026,Utilities,6109.37,463.41,5645.96,100000.00,57507.67,0.4249,Gas utility payment,Pepco,Washington,DC,Yes,Not Disclosed,INV-0215-0046,02/10/2026,03/27/2026,03/07/2026,Paid On Time,25,Yes,No,Auto-Approved,Policy Engine,Yes,Categorized,Expense categorized → Budget updated,No,No,No,No,No,Local DMV vendor,No,Yes
TXN-2026-0047,02/16/2026,2,16,2026,Equipment,12490.22,1256.72,11233.50,100000.00,56250.95,0.4375,Office equipment replacement,DMV Office Tech,Silver Spring,MD,Yes,LGBTQ+-Owned,INV-0216-0047,02/16/2026,03/18/2026,02/28/2026,Paid On Time,12,Yes,No,Auto-Approved,Policy Engine,Yes,Categorized,Expense categorized → Budget updated → Exception flagged,Yes,No,No,No,Yes,Local DMV vendor; voluntarily identified as LGBTQ+-Owned,No,Yes
TXN-2026-0048,02/17/2026,2,17,2026,Operations,15307.50,3513.59,11793.91,100000.00,52737.36,0.4726,Facility operations expense,Capital Operations Group,Washington,DC,Yes,Woman-Owned,INV-0217-0048,02/14/2026,03/31/2026,03/14/2026,Paid On Time,28,Yes,Yes,Approved,Morgan Davis,Yes,Categorized,Expense categorized → Budget updated → Approval workflow triggered,No,No,No,No,No,Local DMV vendor; voluntarily identified as Woman-Owned,No,Yes
TXN-2026-0049,02/18/2026,2,18,2026,Utilities,16258.49,3798.48,12460.01,100000.00,48938.88,0.5106,Electric utility payment,Dominion Energy Virginia,Richmond,VA,Yes,Woman-Owned,INV-0218-0049,02/15/2026,04/01/2026,03/09/2026,Paid On Time,22,Yes,Yes,Approved,Taylor Johnson,Yes,Categorized,Expense categorized → Budget updated → Approval workflow triggered,No,No,No,No,No,Local DMV vendor; voluntarily identified as Woman-Owned,No,Yes
TXN-2026-0050,02/19/2026,2,19,2026,Payroll,15940.99,3214.27,12726.72,100000.00,45724.61,0.5428,Hourly staff payroll,Internal Payroll,Washington,DC,Yes,Disability-Owned,INV-0219-0050,02/17/2026,04/03/2026,02/22/2026,Paid On Time,5,Yes,Yes,Approved,Casey Williams,Yes,Categorized,Expense categorized → Budget updated → Approval workflow triggered,No,No,No,No,No,Local DMV vendor; voluntarily identified as Disability-Owned,No,Yes
TXN-2026-0051,02/20/2026,2,20,2026,Marketing,13958.91,3281.15,10677.76,100000.00,42443.46,0.5756,Digital advertising campaign,Anacostia Creative Studio,Washington,DC,Yes,Minority-Owned,INV-0220-0051,02/18/2026,04/04/2026,03/13/2026,Paid On Time,23,Yes,Yes,Approved,Jordan Lee,Yes,Categorized,Expense categorized → Budget updated → Approval workflow triggered,No,No,No,No,No,Local DMV vendor; voluntarily identified as Minority-Owned,No,Yes
TXN-2026-0052,02/21/2026,2,21,2026,Office Supplies,10166.93,3536.19,6630.74,100000.00,38907.27,0.6109,General office supplies,Nova Workspace Goods,Fairfax,VA,Yes,Not Disclosed,INV-0221-0052,02/18/2026,04/04/2026,03/05/2026,Paid On Time,15,Yes,Yes,Approved,Casey Williams,Yes,Categorized,Expense categorized → Budget updated → Approval workflow triggered,No,No,No,Watch,No,Local DMV vendor,No,Yes
TXN-2026-0053,02/22/2026,2,22,2026,Utilities,9365.81,1034.47,8331.34,100000.00,37872.80,0.6213,Gas utility payment,Washington Gas,Washington,DC,Yes,Not Disclosed,INV-0222-0053,02/19/2026,04/05/2026,03/16/2026,Paid On Time,25,Yes,No,Auto-Approved,Policy Engine,Yes,Categorized,Expense categorized → Budget updated,No,No,No,Watch,No,Local DMV vendor,No,Yes
TXN-2026-0054,02/23/2026,2,23,2026,Software & Subscriptions,14409.90,2301.22,12108.68,100000.00,35571.58,0.6443,Cloud hosting and storage,Blue Ridge Digital Tools,Arlington,VA,Yes,Disability-Owned,INV-0223-0054,02/23/2026,03/10/2026,03/26/2026,Paid Late,31,No,No,Auto-Approved,Policy Engine,Yes,Categorized,Expense categorized → Budget updated → Exception flagged,No,No,No,Watch,Yes,Vendor payment was late; review payment process,No,Yes
TXN-2026-0055,02/24/2026,2,24,2026,Equipment,16295.74,605.28,15690.46,100000.00,34966.30,0.6503,Office equipment replacement,District Business Supply,Washington,DC,Yes,Minority-Owned,INV-0224-0055,02/23/2026,03/10/2026,03/22/2026,Paid Late,27,No,No,Auto-Approved,Policy Engine,Yes,Categorized,Expense categorized → Budget updated → Exception flagged,No,No,No,Watch,Yes,Vendor payment was late; review payment process,No,Yes
TXN-2026-0056,02/25/2026,2,25,2026,Marketing,15329.44,4655.83,10673.61,100000.00,30310.47,0.6969,Community outreach materials,Arlington Media Lab,Arlington,VA,Yes,LGBTQ+-Owned,INV-0225-0056,02/25/2026,04/11/2026,03/19/2026,Paid On Time,22,Yes,Yes,Approved,Casey Williams,Yes,Categorized,Expense categorized → Budget updated → Approval workflow triggered → Exception flagged,No,Yes,No,Watch,Yes,Local DMV vendor; voluntarily identified as LGBTQ+-Owned,No,Yes
TXN-2026-0057,02/26/2026,2,26,2026,—,16548.01,0.00,16548.01,100000.00,30310.47,0.6969,Revenue-only day; no expense recorded,Not Applicable,Not Applicable,Not Applicable,Not Applicable,Not Applicable,Not Applicable,,,,Not Applicable,,Not Applicable,No,Not Applicable,Not Applicable,Not Applicable,Not Applicable,No expense workflow needed,No,No,No,No,No,No vendor payment on this date,No,Yes
TXN-2026-0058,02/27/2026,2,27,2026,Utilities,13215.77,4170.62,9045.15,100000.00,26139.85,0.7386,Water and facility utilities,Pepco,Washington,DC,Yes,Not Disclosed,INV-0227-0058,02/26/2026,03/13/2026,04/02/2026,Paid Late,35,No,Yes,Approved,Casey Williams,Yes,Categorized,Expense categorized → Budget updated → Approval workflow triggered → Exception flagged,No,Yes,Yes,Watch,Yes,Vendor payment was late; review payment process,No,Yes
TXN-2026-0059,02/28/2026,2,28,2026,Marketing,9853.55,4731.69,5121.86,100000.00,21408.16,0.7859,Digital advertising campaign,Arlington Media Lab,Arlington,VA,Yes,Not Disclosed,INV-0228-0059,02/24/2026,03/26/2026,03/09/2026,Paid On Time,13,Yes,Yes,Approved,Morgan Davis,No,Categorized,Expense categorized → Budget updated → Approval workflow triggered → Exception flagged,No,Yes,No,Yes,Yes,Local DMV vendor,No,Yes
TXN-2026-0060,03/01/2026,3,1,2026,—,7056.29,0.00,7056.29,100000.00,100000.00,0.0000,Revenue-only day; no expense recorded,Not Applicable,Not Applicable,Not Applicable,Not Applicable,Not Applicable,Not Applicable,,,,Not Applicable,,Not Applicable,No,Not Applicable,Not Applicable,Not Applicable,Not Applicable,No expense workflow needed,No,No,No,No,No,No vendor payment on this date,No,Yes
TXN-2026-0061,03/02/2026,3,2,2026,Equipment,14522.04,3227.70,11294.34,100000.00,96772.30,0.0323,Computer equipment purchase,District Business Supply,Washington,DC,Yes,Woman-Owned,INV-0302-0061,03/02/2026,03/17/2026,03/05/2026,Paid On Time,3,Yes,Yes,Approved,Taylor Johnson,Yes,Categorized,Expense categorized → Budget updated → Approval workflow triggered,No,No,No,No,No,Local DMV vendor; voluntarily identified as Woman-Owned,No,Yes
TXN-2026-0062,03/03/2026,3,3,2026,Utilities,14673.35,4654.50,10018.85,100000.00,92117.80,0.0788,Gas utility payment,Dominion Energy Virginia,Richmond,VA,Yes,Not Disclosed,INV-0303-0062,02/26/2026,03/28/2026,03/30/2026,Paid Late,32,No,Yes,Approved,Casey Williams,Yes,Categorized,Expense categorized → Budget updated → Approval workflow triggered → Exception flagged,No,Yes,Yes,No,Yes,Vendor payment was late; review payment process,No,Yes
TXN-2026-0063,03/04/2026,3,4,2026,Travel,15092.39,415.82,14676.57,100000.00,91701.98,0.0830,Mileage and transit reimbursement,Capital Transit Services,Washington,DC,Yes,Minority-Owned,INV-0304-0063,02/28/2026,03/30/2026,04/02/2026,Paid Late,33,No,No,Auto-Approved,Policy Engine,Yes,Categorized,Expense categorized → Budget updated → Exception flagged,No,No,No,No,Yes,Vendor payment was late; review payment process,No,Yes
TXN-2026-0064,03/05/2026,3,5,2026,Equipment,15126.38,882.06,14244.32,100000.00,90819.92,0.0918,Point-of-sale equipment,District Business Supply,Washington,DC,Yes,Woman-Owned,INV-0305-0064,03/02/2026,04/01/2026,03/05/2026,Paid On Time,3,Yes,No,Auto-Approved,Policy Engine,Yes,Categorized,Expense categorized → Budget updated,No,No,No,No,No,Local DMV vendor; voluntarily identified as Woman-Owned,No,Yes
TXN-2026-0065,03/06/2026,3,6,2026,Operations,16795.43,468.62,16326.81,100000.00,90351.30,0.0965,Routine maintenance services,Capital Operations Group,Washington,DC,Yes,Not Disclosed,INV-0306-0065,03/01/2026,03/31/2026,03/07/2026,Paid On Time,6,Yes,No,Auto-Approved,Policy Engine,Yes,Categorized,Expense categorized → Budget updated,No,No,No,No,No,Local DMV vendor,No,Yes
TXN-2026-0066,03/07/2026,3,7,2026,—,6228.03,0.00,6228.03,100000.00,90351.30,0.0965,Revenue-only day; no expense recorded,Not Applicable,Not Applicable,Not Applicable,Not Applicable,Not Applicable,Not Applicable,,,,Not Applicable,,Not Applicable,No,Not Applicable,Not Applicable,Not Applicable,Not Applicable,No expense workflow needed,No,No,No,No,No,No vendor payment on this date,No,Yes
TXN-2026-0067,03/08/2026,3,8,2026,—,7712.21,0.00,7712.21,100000.00,90351.30,0.0965,Revenue-only day; no expense recorded,Not Applicable,Not Applicable,Not Applicable,Not Applicable,Not Applicable,Not Applicable,,,,Not Applicable,,Not Applicable,No,Not Applicable,Not Applicable,Not Applicable,Not Applicable,No expense workflow needed,No,No,No,No,No,No vendor payment on this date,No,Yes
TXN-2026-0068,03/09/2026,3,9,2026,Marketing,15110.57,3030.12,12080.45,100000.00,87321.18,0.1268,Community outreach materials,Beltway Brand Works,Hyattsville,MD,Yes,Not Disclosed,INV-0309-0068,03/06/2026,04/20/2026,03/17/2026,Paid On Time,11,Yes,Yes,Approved,Casey Williams,Yes,Categorized,Expense categorized → Budget updated → Approval workflow triggered,No,No,No,No,No,Local DMV vendor,No,Yes
TXN-2026-0069,03/10/2026,3,10,2026,Equipment,14460.59,1621.12,12839.47,100000.00,85700.06,0.1430,Networking hardware,Commonwealth Equipment Co.,Alexandria,VA,Yes,Not Disclosed,INV-0310-0069,03/08/2026,04/07/2026,04/13/2026,Paid Late,36,No,Yes,Approved,Jordan Lee,Yes,Categorized,Expense categorized → Budget updated → Approval workflow triggered → Exception flagged,No,No,No,No,Yes,Vendor payment was late; review payment process,No,Yes
TXN-2026-0070,03/11/2026,3,11,2026,Travel,13775.37,1259.89,12515.48,100000.00,84440.17,0.1556,Client meeting transportation,Capital Transit Services,Washington,DC,Yes,Woman-Owned,INV-0311-0070,03/09/2026,04/08/2026,04/03/2026,Paid On Time,25,Yes,No,Auto-Approved,Policy Engine,Yes,Categorized,Expense categorized → Budget updated,No,No,No,No,No,Local DMV vendor; voluntarily identified as Woman-Owned,No,Yes
TXN-2026-0071,03/12/2026,3,12,2026,Software & Subscriptions,14381.46,2276.09,12105.37,100000.00,82164.08,0.1784,Accounting platform subscription,Potomac SaaS Solutions,Bethesda,MD,Yes,Veteran-Owned,INV-0312-0071,03/07/2026,04/21/2026,03/12/2026,Paid On Time,5,Yes,No,Auto-Approved,Policy Engine,Yes,Categorized,Expense categorized → Budget updated,No,No,No,No,No,Local DMV vendor; voluntarily identified as Veteran-Owned,No,Yes
TXN-2026-0072,03/13/2026,3,13,2026,—,16739.68,0.00,16739.68,100000.00,82164.08,0.1784,Revenue-only day; no expense recorded,Not Applicable,Not Applicable,Not Applicable,Not Applicable,Not Applicable,Not Applicable,,,,Not Applicable,,Not Applicable,No,Not Applicable,Not Applicable,Not Applicable,Not Applicable,No expense workflow needed,No,No,No,No,No,No vendor payment on this date,No,Yes
TXN-2026-0073,03/14/2026,3,14,2026,Miscellaneous,6016.19,4781.85,1234.34,100000.00,77382.23,0.2262,Small business operating expense,Commonwealth Service Hub,Falls Church,VA,Yes,Not Disclosed,INV-0314-0073,03/09/2026,03/24/2026,03/22/2026,Paid On Time,13,Yes,Yes,Approved,Casey Williams,Yes,Categorized,Expense categorized → Budget updated → Approval workflow triggered → Exception flagged,No,Yes,Yes,No,Yes,Local DMV vendor,No,Yes
TXN-2026-0074,03/15/2026,3,15,2026,Software & Subscriptions,6304.15,765.92,5538.23,100000.00,76616.31,0.2338,Cloud hosting and storage,Blue Ridge Digital Tools,Arlington,VA,Yes,Disability-Owned,INV-0315-0074,03/14/2026,04/13/2026,04/08/2026,Paid On Time,25,Yes,No,Auto-Approved,Policy Engine,Yes,Categorized,Expense categorized → Budget updated,No,No,No,No,No,Local DMV vendor; voluntarily identified as Disability-Owned,No,Yes
TXN-2026-0075,03/16/2026,3,16,2026,Utilities,14223.64,1868.30,12355.34,100000.00,74748.01,0.2525,Water and facility utilities,Dominion Energy Virginia,Richmond,VA,Yes,Veteran-Owned,INV-0316-0075,03/11/2026,04/10/2026,03/17/2026,Paid On Time,6,Yes,No,Auto-Approved,Policy Engine,Yes,Categorized,Expense categorized → Budget updated,No,No,No,No,No,Local DMV vendor; voluntarily identified as Veteran-Owned,No,Yes
TXN-2026-0076,03/17/2026,3,17,2026,—,13394.09,0.00,13394.09,100000.00,74748.01,0.2525,Revenue-only day; no expense recorded,Not Applicable,Not Applicable,Not Applicable,Not Applicable,Not Applicable,Not Applicable,,,,Not Applicable,,Not Applicable,No,Not Applicable,Not Applicable,Not Applicable,Not Applicable,No expense workflow needed,No,No,No,No,No,No vendor payment on this date,No,Yes
TXN-2026-0077,03/18/2026,3,18,2026,Equipment,15807.58,186.38,15621.20,100000.00,74561.63,0.2544,Networking hardware,Commonwealth Equipment Co.,Alexandria,VA,Yes,Not Disclosed,INV-0318-0077,03/13/2026,04/12/2026,04/14/2026,Paid Late,32,No,No,Auto-Approved,Policy Engine,Yes,Categorized,Expense categorized → Budget updated → Exception flagged,No,No,No,No,Yes,Vendor payment was late; review payment process,No,Yes
TXN-2026-0078,03/19/2026,3,19,2026,Payroll,16319.26,4516.02,11803.24,100000.00,70045.61,0.2995,Hourly staff payroll,Internal Payroll,Washington,DC,Yes,Not Disclosed,INV-0319-0078,03/16/2026,04/30/2026,04/03/2026,Paid On Time,18,Yes,Yes,Approved,Jordan Lee,Yes,Categorized,Expense categorized → Budget updated → Approval workflow triggered → Exception flagged,No,Yes,No,No,Yes,Local DMV vendor,No,Yes
TXN-2026-0079,03/20/2026,3,20,2026,Payroll,13326.88,3602.24,9724.64,100000.00,66443.37,0.3356,Operations team payroll,Internal Payroll,Washington,DC,Yes,Not Disclosed,INV-0320-0079,03/20/2026,04/04/2026,03/27/2026,Paid On Time,7,Yes,Yes,Approved,Casey Williams,Yes,Categorized,Expense categorized → Budget updated → Approval workflow triggered,No,No,No,No,No,Local DMV vendor,No,Yes
TXN-2026-0080,03/21/2026,3,21,2026,Utilities,6705.37,3486.90,3218.47,100000.00,62956.47,0.3704,Internet and phone service,Pepco,Washington,DC,Yes,Disability-Owned,INV-0321-0080,03/20/2026,04/19/2026,03/25/2026,Paid On Time,5,Yes,Yes,Approved,Taylor Johnson,Yes,Categorized,Expense categorized → Budget updated → Approval workflow triggered,No,No,No,No,No,Local DMV vendor; voluntarily identified as Disability-Owned,No,Yes
TXN-2026-0081,03/22/2026,3,22,2026,Software & Subscriptions,6923.83,2500.15,4423.68,100000.00,60456.32,0.3954,Accounting platform subscription,Blue Ridge Digital Tools,Arlington,VA,Yes,Woman-Owned,INV-0322-0081,03/17/2026,04/16/2026,04/05/2026,Paid On Time,19,Yes,Yes,Approved,Jordan Lee,Yes,Categorized,Expense categorized → Budget updated → Approval workflow triggered,No,No,No,No,No,Local DMV vendor; voluntarily identified as Woman-Owned,No,Yes
TXN-2026-0082,03/23/2026,3,23,2026,—,13876.93,0.00,13876.93,100000.00,60456.32,0.3954,Revenue-only day; no expense recorded,Not Applicable,Not Applicable,Not Applicable,Not Applicable,Not Applicable,Not Applicable,,,,Not Applicable,,Not Applicable,No,Not Applicable,Not Applicable,Not Applicable,Not Applicable,No expense workflow needed,No,No,No,No,No,No vendor payment on this date,No,Yes
TXN-2026-0083,03/24/2026,3,24,2026,Software & Subscriptions,13007.52,355.00,12652.52,100000.00,60101.32,0.3990,Monthly software licenses,Potomac SaaS Solutions,Bethesda,MD,Yes,Minority-Owned,INV-0324-0083,03/21/2026,05/05/2026,04/17/2026,Paid On Time,27,Yes,No,Auto-Approved,Policy Engine,Yes,Categorized,Expense categorized → Budget updated,No,No,No,No,No,Local DMV vendor; voluntarily identified as Minority-Owned,No,Yes
TXN-2026-0084,03/25/2026,3,25,2026,Software & Subscriptions,14263.65,901.36,13362.29,100000.00,59199.96,0.4080,Cloud hosting and storage,Potomac SaaS Solutions,Bethesda,MD,Yes,Not Disclosed,INV-0325-0084,03/22/2026,04/21/2026,04/04/2026,Paid On Time,13,Yes,No,Auto-Approved,Policy Engine,Yes,Categorized,Expense categorized → Budget updated,No,No,No,No,No,Local DMV vendor,No,Yes
TXN-2026-0085,03/26/2026,3,26,2026,Equipment,14752.08,194.96,14557.12,100000.00,59005.00,0.4099,Office equipment replacement,District Business Supply,Washington,DC,Yes,Minority-Owned,INV-0326-0085,03/26/2026,04/25/2026,04/18/2026,Paid On Time,23,Yes,No,Auto-Approved,Policy Engine,Yes,Categorized,Expense categorized → Budget updated,No,No,No,No,No,Local DMV vendor; voluntarily identified as Minority-Owned,No,Yes
TXN-2026-0086,03/27/2026,3,27,2026,—,13151.07,0.00,13151.07,100000.00,59005.00,0.4099,Revenue-only day; no expense recorded,Not Applicable,Not Applicable,Not Applicable,Not Applicable,Not Applicable,Not Applicable,,,,Not Applicable,,Not Applicable,No,Not Applicable,Not Applicable,Not Applicable,Not Applicable,No expense workflow needed,No,No,No,No,No,No vendor payment on this date,No,Yes
TXN-2026-0087,03/28/2026,3,28,2026,Travel,10044.89,2858.67,7186.22,100000.00,56146.33,0.4385,Mileage and transit reimbursement,DMV Mobility Partners,College Park,MD,Yes,Woman-Owned,INV-0328-0087,03/27/2026,04/26/2026,05/06/2026,Paid Late,40,No,Yes,Approved,Morgan Davis,Yes,Categorized,Expense categorized → Budget updated → Approval workflow triggered → Exception flagged,No,No,Yes,No,Yes,Vendor payment was late; review payment process,No,Yes
TXN-2026-0088,03/29/2026,3,29,2026,Software & Subscriptions,6725.81,1845.63,4880.18,100000.00,54300.70,0.4570,Cybersecurity tools,Capital Cloud Systems,Washington,DC,Yes,Woman-Owned,INV-0329-0088,03/24/2026,04/08/2026,03/30/2026,Paid On Time,6,Yes,No,Auto-Approved,Policy Engine,Yes,Categorized,Expense categorized → Budget updated,No,No,No,No,No,Local DMV vendor; voluntarily identified as Woman-Owned,No,Yes
TXN-2026-0089,03/30/2026,3,30,2026,—,16961.59,0.00,16961.59,100000.00,54300.70,0.4570,Revenue-only day; no expense recorded,Not Applicable,Not Applicable,Not Applicable,Not Applicable,Not Applicable,Not Applicable,,,,Not Applicable,,Not Applicable,No,Not Applicable,Not Applicable,Not Applicable,Not Applicable,No expense workflow needed,No,No,No,No,No,No vendor payment on this date,No,Yes
TXN-2026-0090,03/31/2026,3,31,2026,Utilities,13043.54,3251.24,9792.30,100000.00,51049.46,0.4895,Gas utility payment,Dominion Energy Virginia,Richmond,VA,Yes,Veteran-Owned,INV-0331-0090,03/27/2026,04/26/2026,04/06/2026,Paid On Time,10,Yes,Yes,Approved,Morgan Davis,Yes,Categorized,Expense categorized → Budget updated → Approval workflow triggered,No,No,No,No,No,Local DMV vendor; voluntarily identified as Veteran-Owned,No,Yes
TXN-2026-0091,04/01/2026,4,1,2026,Office Supplies,14436.19,4678.34,9757.85,100000.00,95321.66,0.0468,Printer and paper supplies,Nova Workspace Goods,Fairfax,VA,Yes,Woman-Owned,INV-0401-0091,03/27/2026,05/11/2026,04/22/2026,Paid On Time,26,Yes,Yes,Approved,Morgan Davis,Yes,Categorized,Expense categorized → Budget updated → Approval workflow triggered → Exception flagged,No,Yes,Yes,No,Yes,Local DMV vendor; voluntarily identified as Woman-Owned,No,Yes
TXN-2026-0092,04/02/2026,4,2,2026,—,16189.70,0.00,16189.70,100000.00,95321.66,0.0468,Revenue-only day; no expense recorded,Not Applicable,Not Applicable,Not Applicable,Not Applicable,Not Applicable,Not Applicable,,,,Not Applicable,,Not Applicable,No,Not Applicable,Not Applicable,Not Applicable,Not Applicable,No expense workflow needed,No,No,No,No,No,No vendor payment on this date,No,Yes
TXN-2026-0093,04/03/2026,4,3,2026,Operations,13945.64,4248.59,9697.05,100000.00,91073.07,0.0893,Facility operations expense,Virginia Business Logistics,Alexandria,VA,Yes,Not Disclosed,INV-0403-0093,04/02/2026,05/02/2026,04/24/2026,Paid On Time,22,Yes,Yes,Approved,Taylor Johnson,Yes,Categorized,Expense categorized → Budget updated → Approval workflow triggered → Exception flagged,No,Yes,No,No,Yes,Local DMV vendor,No,Yes
TXN-2026-0094,04/04/2026,4,4,2026,—,6222.86,0.00,6222.86,100000.00,91073.07,0.0893,Revenue-only day; no expense recorded,Not Applicable,Not Applicable,Not Applicable,Not Applicable,Not Applicable,Not Applicable,,,,Not Applicable,,Not Applicable,No,Not Applicable,Not Applicable,Not Applicable,Not Applicable,No expense workflow needed,No,No,No,No,No,No vendor payment on this date,No,Yes
TXN-2026-0095,04/05/2026,4,5,2026,—,7582.02,0.00,7582.02,100000.00,91073.07,0.0893,Revenue-only day; no expense recorded,Not Applicable,Not Applicable,Not Applicable,Not Applicable,Not Applicable,Not Applicable,,,,Not Applicable,,Not Applicable,No,Not Applicable,Not Applicable,Not Applicable,Not Applicable,No expense workflow needed,No,No,No,No,No,No vendor payment on this date,No,Yes
TXN-2026-0096,04/06/2026,4,6,2026,—,16469.83,0.00,16469.83,100000.00,91073.07,0.0893,Revenue-only day; no expense recorded,Not Applicable,Not Applicable,Not Applicable,Not Applicable,Not Applicable,Not Applicable,,,,Not Applicable,,Not Applicable,No,Not Applicable,Not Applicable,Not Applicable,Not Applicable,No expense workflow needed,No,No,No,No,No,No vendor payment on this date,No,Yes
TXN-2026-0097,04/07/2026,4,7,2026,Payroll,16519.30,1928.82,14590.48,100000.00,89144.25,0.1086,Administrative payroll,Internal Payroll,Washington,DC,Yes,Not Disclosed,INV-0407-0097,04/02/2026,05/17/2026,05/12/2026,Paid On Time,40,Yes,No,Auto-Approved,Policy Engine,Yes,Categorized,Expense categorized → Budget updated,No,No,No,No,No,Local DMV vendor,No,Yes
TXN-2026-0098,04/08/2026,4,8,2026,Utilities,13134.39,3947.13,9187.26,100000.00,85197.12,0.1480,Water and facility utilities,Pepco,Washington,DC,Yes,Woman-Owned,INV-0408-0098,04/06/2026,05/06/2026,05/08/2026,Paid Late,32,No,Yes,Approved,Casey Williams,Yes,Categorized,Expense categorized → Budget updated → Approval workflow triggered → Exception flagged,No,No,No,No,Yes,Vendor payment was late; review payment process,No,Yes
TXN-2026-0099,04/09/2026,4,9,2026,Utilities,15001.33,1186.59,13814.74,100000.00,84010.53,0.1599,Internet and phone service,Washington Gas,Washington,DC,Yes,Disability-Owned,INV-0409-0099,04/07/2026,05/22/2026,05/08/2026,Paid On Time,31,Yes,No,Auto-Approved,Policy Engine,Yes,Categorized,Expense categorized → Budget updated,No,No,No,No,No,Local DMV vendor; voluntarily identified as Disability-Owned,No,Yes
TXN-2026-0100,04/10/2026,4,10,2026,Software & Subscriptions,15892.15,4169.24,11722.91,100000.00,79841.29,0.2016,Monthly software licenses,Capital Cloud Systems,Washington,DC,Yes,Not Disclosed,INV-0410-0100,04/10/2026,05/10/2026,05/03/2026,Paid On Time,23,Yes,Yes,Approved,Jordan Lee,Yes,Categorized,Expense categorized → Budget updated → Approval workflow triggered → Exception flagged,No,Yes,Yes,No,Yes,Local DMV vendor,No,Yes
TXN-2026-0101,04/11/2026,4,11,2026,Equipment,10414.31,2008.50,8405.81,100000.00,77832.79,0.2217,Computer equipment purchase,Commonwealth Equipment Co.,Alexandria,VA,Yes,Minority-Owned,INV-0411-0101,04/06/2026,05/06/2026,04/18/2026,Paid On Time,12,Yes,Yes,Approved,Morgan Davis,Yes,Categorized,Expense categorized → Budget updated → Approval workflow triggered,No,No,No,No,No,Local DMV vendor; voluntarily identified as Minority-Owned,No,Yes
TXN-2026-0102,04/12/2026,4,12,2026,Marketing,10483.66,686.34,9797.32,100000.00,77146.45,0.2285,Community outreach materials,Beltway Brand Works,Hyattsville,MD,Yes,Not Disclosed,INV-0412-0102,04/12/2026,05/12/2026,04/20/2026,Paid On Time,8,Yes,No,Auto-Approved,Policy Engine,Yes,Categorized,Expense categorized → Budget updated,No,No,No,No,No,Local DMV vendor,No,Yes
TXN-2026-0103,04/13/2026,4,13,2026,Software & Subscriptions,17293.76,327.90,16965.86,100000.00,76818.55,0.2318,Accounting platform subscription,Potomac SaaS Solutions,Bethesda,MD,Yes,Minority-Owned,INV-0413-0103,04/13/2026,05/13/2026,04/20/2026,Paid On Time,7,Yes,No,Auto-Approved,Policy Engine,Yes,Categorized,Expense categorized → Budget updated,No,No,No,No,No,Local DMV vendor; voluntarily identified as Minority-Owned,No,Yes
TXN-2026-0104,04/14/2026,4,14,2026,Travel,15660.91,2179.23,13481.68,100000.00,74639.32,0.2536,Client meeting transportation,Capital Transit Services,Washington,DC,Yes,Minority-Owned,INV-0414-0104,04/12/2026,05/12/2026,05/01/2026,Paid On Time,19,Yes,No,Auto-Approved,Policy Engine,Yes,Categorized,Expense categorized → Budget updated,No,No,No,No,No,Local DMV vendor; voluntarily identified as Minority-Owned,No,Yes
TXN-2026-0105,04/15/2026,4,15,2026,Miscellaneous,17378.64,1033.87,16344.77,100000.00,73605.45,0.2639,Community event expense,Commonwealth Service Hub,Falls Church,VA,Yes,Not Disclosed,INV-0415-0105,04/14/2026,05/14/2026,04/18/2026,Paid On Time,4,Yes,No,Auto-Approved,Policy Engine,Yes,Categorized,Expense categorized → Budget updated,No,No,No,No,No,Local DMV vendor,No,Yes
TXN-2026-0106,04/16/2026,4,16,2026,Equipment,13255.30,4453.92,8801.38,100000.00,69151.53,0.3085,Point-of-sale equipment,DMV Office Tech,Silver Spring,MD,Yes,LGBTQ+-Owned,INV-0416-0106,04/12/2026,05/12/2026,04/19/2026,Paid On Time,7,Yes,Yes,Approved,Casey Williams,Yes,Categorized,Expense categorized → Budget updated → Approval workflow triggered → Exception flagged,No,Yes,Yes,No,Yes,Local DMV vendor; voluntarily identified as LGBTQ+-Owned,No,Yes
TXN-2026-0107,04/17/2026,4,17,2026,Utilities,15441.19,1843.63,13597.56,100000.00,67307.90,0.3269,Water and facility utilities,Washington Gas,Washington,DC,Yes,Not Disclosed,INV-0417-0107,04/14/2026,05/14/2026,04/30/2026,Paid On Time,16,Yes,No,Auto-Approved,Policy Engine,Yes,Categorized,Expense categorized → Budget updated,No,No,No,No,No,Local DMV vendor,No,Yes
TXN-2026-0108,04/18/2026,4,18,2026,Travel,6514.08,3047.67,3466.41,100000.00,64260.23,0.3574,Local business travel,Capital Transit Services,Washington,DC,Yes,Minority-Owned,INV-0418-0108,04/17/2026,05/17/2026,04/20/2026,Paid On Time,3,Yes,Yes,Approved,Casey Williams,Yes,Categorized,Expense categorized → Budget updated → Approval workflow triggered → Exception flagged,No,No,Yes,No,Yes,Local DMV vendor; voluntarily identified as Minority-Owned,No,Yes
TXN-2026-0109,04/19/2026,4,19,2026,Software & Subscriptions,9131.70,2508.12,6623.58,100000.00,61752.11,0.3825,Accounting platform subscription,Blue Ridge Digital Tools,Arlington,VA,Yes,Woman-Owned,INV-0419-0109,04/17/2026,05/02/2026,04/27/2026,Paid On Time,10,Yes,Yes,Approved,Morgan Davis,Yes,Categorized,Expense categorized → Budget updated → Approval workflow triggered,No,No,No,No,No,Local DMV vendor; voluntarily identified as Woman-Owned,No,Yes
TXN-2026-0110,04/20/2026,4,20,2026,Software & Subscriptions,16042.33,2728.02,13314.31,100000.00,59024.09,0.4098,Accounting platform subscription,Blue Ridge Digital Tools,Arlington,VA,Yes,Woman-Owned,INV-0420-0110,04/19/2026,05/19/2026,05/05/2026,Paid On Time,16,Yes,Yes,Approved,Jordan Lee,Yes,Categorized,Expense categorized → Budget updated → Approval workflow triggered,No,No,No,No,No,Local DMV vendor; voluntarily identified as Woman-Owned,No,Yes
TXN-2026-0111,04/21/2026,4,21,2026,Office Supplies,13964.10,3299.53,10664.57,100000.00,55724.56,0.4428,Printer and paper supplies,Montgomery Office Market,Rockville,MD,Yes,Minority-Owned,INV-0421-0111,04/19/2026,05/19/2026,05/05/2026,Paid On Time,16,Yes,Yes,Approved,Jordan Lee,Yes,Categorized,Expense categorized → Budget updated → Approval workflow triggered,No,No,No,No,No,Local DMV vendor; voluntarily identified as Minority-Owned,No,Yes
TXN-2026-0112,04/22/2026,4,22,2026,Software & Subscriptions,17104.34,2038.25,15066.09,100000.00,53686.31,0.4631,Monthly software licenses,Capital Cloud Systems,Washington,DC,Yes,Minority-Owned,INV-0422-0112,04/18/2026,05/03/2026,05/14/2026,Paid Late,26,No,No,Auto-Approved,Policy Engine,Yes,Categorized,Expense categorized → Budget updated → Exception flagged,No,No,No,No,Yes,Vendor payment was late; review payment process,No,Yes
TXN-2026-0113,04/23/2026,4,23,2026,Utilities,16812.39,2148.98,14663.41,100000.00,51537.33,0.4846,Gas utility payment,Washington Gas,Washington,DC,Yes,Not Disclosed,INV-0423-0113,04/19/2026,06/03/2026,05/06/2026,Paid On Time,17,Yes,No,Auto-Approved,Policy Engine,Yes,Categorized,Expense categorized → Budget updated,No,No,No,No,No,Local DMV vendor,No,Yes
TXN-2026-0114,04/24/2026,4,24,2026,Professional Services,15707.93,2204.30,13503.63,100000.00,49333.03,0.5067,Legal consultation,Potomac Legal & Advisory,Bethesda,MD,Yes,LGBTQ+-Owned,INV-0424-0114,04/21/2026,05/21/2026,04/24/2026,Paid On Time,3,Yes,Yes,Approved,Jordan Lee,Yes,Categorized,Expense categorized → Budget updated → Approval workflow triggered,No,No,No,No,No,Local DMV vendor; voluntarily identified as LGBTQ+-Owned,No,Yes
TXN-2026-0115,04/25/2026,4,25,2026,Operations,9225.16,3213.66,6011.50,100000.00,46119.37,0.5388,Routine maintenance services,Maryland Process Partners,College Park,MD,Yes,Minority-Owned,INV-0425-0115,04/23/2026,05/23/2026,05/20/2026,Paid On Time,27,Yes,Yes,Approved,Jordan Lee,Yes,Categorized,Expense categorized → Budget updated → Approval workflow triggered,No,No,No,No,No,Local DMV vendor; voluntarily identified as Minority-Owned,No,Yes
TXN-2026-0116,04/26/2026,4,26,2026,Miscellaneous,7507.66,1708.63,5799.03,100000.00,44410.74,0.5559,General administrative purchase,Neighborhood Business Market,Washington,DC,Yes,Minority-Owned,INV-0426-0116,04/21/2026,05/21/2026,05/25/2026,Paid Late,34,No,No,Auto-Approved,Policy Engine,Yes,Categorized,Expense categorized → Budget updated → Exception flagged,No,No,No,No,Yes,Vendor payment was late; review payment process,No,Yes
TXN-2026-0117,04/27/2026,4,27,2026,—,16793.06,0.00,16793.06,100000.00,44410.74,0.5559,Revenue-only day; no expense recorded,Not Applicable,Not Applicable,Not Applicable,Not Applicable,Not Applicable,Not Applicable,,,,Not Applicable,,Not Applicable,No,Not Applicable,Not Applicable,Not Applicable,Not Applicable,No expense workflow needed,No,No,No,No,No,No vendor payment on this date,No,Yes
TXN-2026-0118,04/28/2026,4,28,2026,Utilities,16164.30,835.20,15329.10,100000.00,43575.54,0.5642,Internet and phone service,Washington Gas,Washington,DC,Yes,Disability-Owned,INV-0428-0118,04/27/2026,05/27/2026,05/14/2026,Paid On Time,17,Yes,No,Auto-Approved,Policy Engine,Yes,Categorized,Expense categorized → Budget updated,No,No,No,No,No,Local DMV vendor; voluntarily identified as Disability-Owned,No,Yes
TXN-2026-0119,04/29/2026,4,29,2026,—,13419.34,0.00,13419.34,100000.00,43575.54,0.5642,Revenue-only day; no expense recorded,Not Applicable,Not Applicable,Not Applicable,Not Applicable,Not Applicable,Not Applicable,,,,Not Applicable,,Not Applicable,No,Not Applicable,Not Applicable,Not Applicable,Not Applicable,No expense workflow needed,No,No,No,No,No,No vendor payment on this date,No,Yes
TXN-2026-0120,04/30/2026,4,30,2026,—,15917.61,0.00,15917.61,100000.00,43575.54,0.5642,Revenue-only day; no expense recorded,Not Applicable,Not Applicable,Not Applicable,Not Applicable,Not Applicable,Not Applicable,,,,Not Applicable,,Not Applicable,No,Not Applicable,Not Applicable,Not Applicable,Not Applicable,No expense workflow needed,No,No,No,No,No,No vendor payment on this date,No,Yes
TXN-2026-0121,05/01/2026,5,1,2026,—,15243.83,0.00,15243.83,100000.00,100000.00,0.0000,Revenue-only day; no expense recorded,Not Applicable,Not Applicable,Not Applicable,Not Applicable,Not Applicable,Not Applicable,,,,Not Applicable,,Not Applicable,No,Not Applicable,Not Applicable,Not Applicable,Not Applicable,No expense workflow needed,No,No,No,No,No,No vendor payment on this date,No,Yes
TXN-2026-0122,05/02/2026,5,2,2026,Office Supplies,8831.55,2448.85,6382.70,100000.00,97551.15,0.0245,General office supplies,Montgomery Office Market,Rockville,MD,Yes,Not Disclosed,INV-0502-0122,04/27/2026,05/27/2026,05/16/2026,Paid On Time,19,Yes,No,Auto-Approved,Policy Engine,No,Categorized,Expense categorized → Budget updated → Exception flagged,No,No,No,No,Yes,Local DMV vendor,No,Yes
TXN-2026-0123,05/03/2026,5,3,2026,Marketing,7378.73,4300.87,3077.86,100000.00,93250.28,0.0675,Local event sponsorship,Beltway Brand Works,Hyattsville,MD,Yes,Minority-Owned,INV-0503-0123,05/01/2026,05/16/2026,05/23/2026,Paid Late,22,No,Yes,Approved,Taylor Johnson,Yes,Categorized,Expense categorized → Budget updated → Approval workflow triggered → Exception flagged,No,Yes,No,No,Yes,Vendor payment was late; review payment process,No,Yes
TXN-2026-0124,05/04/2026,5,4,2026,—,17061.94,0.00,17061.94,100000.00,93250.28,0.0675,Revenue-only day; no expense recorded,Not Applicable,Not Applicable,Not Applicable,Not Applicable,Not Applicable,Not Applicable,,,,Not Applicable,,Not Applicable,No,Not Applicable,Not Applicable,Not Applicable,Not Applicable,No expense workflow needed,No,No,No,No,No,No vendor payment on this date,No,Yes
TXN-2026-0125,05/05/2026,5,5,2026,Equipment,16713.05,2310.16,14402.89,100000.00,90940.12,0.0906,Point-of-sale equipment,District Business Supply,Washington,DC,Yes,Disability-Owned,INV-0505-0125,05/03/2026,06/02/2026,05/12/2026,Paid On Time,9,Yes,Yes,Approved,Jordan Lee,Yes,Categorized,Expense categorized → Budget updated → Approval workflow triggered,No,No,No,No,No,Local DMV vendor; voluntarily identified as Disability-Owned,No,Yes
TXN-2026-0126,05/06/2026,5,6,2026,—,15752.59,0.00,15752.59,100000.00,90940.12,0.0906,Revenue-only day; no expense recorded,Not Applicable,Not Applicable,Not Applicable,Not Applicable,Not Applicable,Not Applicable,,,,Not Applicable,,Not Applicable,No,Not Applicable,Not Applicable,Not Applicable,Not Applicable,No expense workflow needed,No,No,No,No,No,No vendor payment on this date,No,Yes
TXN-2026-0127,05/07/2026,5,7,2026,Professional Services,13845.98,3254.24,10591.74,100000.00,87685.88,0.1231,Business advisory services,Civic Ledger Accounting,Washington,DC,Yes,LGBTQ+-Owned,INV-0507-0127,05/02/2026,06/01/2026,05/19/2026,Paid On Time,17,Yes,Yes,Approved,Morgan Davis,Yes,Categorized,Expense categorized → Budget updated → Approval workflow triggered,No,No,No,No,No,Local DMV vendor; voluntarily identified as LGBTQ+-Owned,No,Yes
TXN-2026-0128,05/08/2026,5,8,2026,Professional Services,17670.73,2998.83,14671.90,100000.00,84687.05,0.1531,Business advisory services,Nova HR Partners,Arlington,VA,Yes,Not Disclosed,INV-0508-0128,05/06/2026,05/21/2026,06/02/2026,Paid Late,27,No,Yes,Approved,Jordan Lee,Yes,Categorized,Expense categorized → Budget updated → Approval workflow triggered → Exception flagged,No,No,No,No,Yes,Vendor payment was late; review payment process,No,Yes
TXN-2026-0129,05/09/2026,5,9,2026,Equipment,9509.61,2223.50,7286.11,100000.00,82463.55,0.1754,Networking hardware,District Business Supply,Washington,DC,Yes,Disability-Owned,INV-0509-0129,05/05/2026,05/20/2026,05/13/2026,Paid On Time,8,Yes,Yes,Approved,Taylor Johnson,Yes,Categorized,Expense categorized → Budget updated → Approval workflow triggered,No,No,No,No,No,Local DMV vendor; voluntarily identified as Disability-Owned,No,Yes
TXN-2026-0130,05/10/2026,5,10,2026,—,7051.69,0.00,7051.69,100000.00,82463.55,0.1754,Revenue-only day; no expense recorded,Not Applicable,Not Applicable,Not Applicable,Not Applicable,Not Applicable,Not Applicable,,,,Not Applicable,,Not Applicable,No,Not Applicable,Not Applicable,Not Applicable,Not Applicable,No expense workflow needed,No,No,No,No,No,No vendor payment on this date,No,Yes
TXN-2026-0131,05/11/2026,5,11,2026,—,15340.31,0.00,15340.31,100000.00,82463.55,0.1754,Revenue-only day; no expense recorded,Not Applicable,Not Applicable,Not Applicable,Not Applicable,Not Applicable,Not Applicable,,,,Not Applicable,,Not Applicable,No,Not Applicable,Not Applicable,Not Applicable,Not Applicable,No expense workflow needed,No,No,No,No,No,No vendor payment on this date,No,Yes
TXN-2026-0132,05/12/2026,5,12,2026,Equipment,17067.40,2403.38,14664.02,100000.00,80060.17,0.1994,Computer equipment purchase,DMV Office Tech,Silver Spring,MD,Yes,Minority-Owned,INV-0512-0132,05/08/2026,05/23/2026,06/16/2026,Paid Late,39,No,Yes,Approved,Morgan Davis,Yes,Categorized,Expense categorized → Budget updated → Approval workflow triggered → Exception flagged,No,No,No,No,Yes,Vendor payment was late; review payment process,No,Yes
TXN-2026-0133,05/13/2026,5,13,2026,Software & Subscriptions,14436.68,1240.40,13196.28,100000.00,78819.77,0.2118,Cloud hosting and storage,Capital Cloud Systems,Washington,DC,Yes,Veteran-Owned,INV-0513-0133,05/08/2026,06/07/2026,06/15/2026,Paid Late,38,No,No,Auto-Approved,Policy Engine,Yes,Categorized,Expense categorized → Budget updated → Exception flagged,No,No,No,No,Yes,Vendor payment was late; review payment process,No,Yes
TXN-2026-0134,05/14/2026,5,14,2026,—,14873.73,0.00,14873.73,100000.00,78819.77,0.2118,Revenue-only day; no expense recorded,Not Applicable,Not Applicable,Not Applicable,Not Applicable,Not Applicable,Not Applicable,,,,Not Applicable,,Not Applicable,No,Not Applicable,Not Applicable,Not Applicable,Not Applicable,No expense workflow needed,No,No,No,No,No,No vendor payment on this date,No,Yes
TXN-2026-0135,05/15/2026,5,15,2026,Office Supplies,13762.54,3376.87,10385.67,100000.00,75442.90,0.2456,Workspace consumables,Nova Workspace Goods,Fairfax,VA,Yes,Disability-Owned,INV-0515-0135,05/11/2026,06/10/2026,05/21/2026,Paid On Time,10,Yes,Yes,Approved,Morgan Davis,Yes,Categorized,Expense categorized → Budget updated → Approval workflow triggered,No,No,No,No,No,Local DMV vendor; voluntarily identified as Disability-Owned,No,Yes
TXN-2026-0136,05/16/2026,5,16,2026,Office Supplies,9499.24,1688.60,7810.64,100000.00,73754.30,0.2625,General office supplies,Montgomery Office Market,Rockville,MD,Yes,LGBTQ+-Owned,INV-0516-0136,05/12/2026,06/11/2026,05/27/2026,Paid On Time,15,Yes,No,Auto-Approved,Policy Engine,Yes,Categorized,Expense categorized → Budget updated,No,No,No,No,No,Local DMV vendor; voluntarily identified as LGBTQ+-Owned,No,Yes
TXN-2026-0137,05/17/2026,5,17,2026,Office Supplies,8447.67,1961.07,6486.60,100000.00,71793.23,0.2821,Printer and paper supplies,District Business Supply,Washington,DC,Yes,Minority-Owned,INV-0517-0137,05/17/2026,06/16/2026,06/16/2026,Paid On Time,30,Yes,No,Auto-Approved,Policy Engine,Yes,Categorized,Expense categorized → Budget updated,No,No,No,No,No,Local DMV vendor; voluntarily identified as Minority-Owned,No,Yes
TXN-2026-0138,05/18/2026,5,18,2026,—,16831.10,0.00,16831.10,100000.00,71793.23,0.2821,Revenue-only day; no expense recorded,Not Applicable,Not Applicable,Not Applicable,Not Applicable,Not Applicable,Not Applicable,,,,Not Applicable,,Not Applicable,No,Not Applicable,Not Applicable,Not Applicable,Not Applicable,No expense workflow needed,No,No,No,No,No,No vendor payment on this date,No,Yes
TXN-2026-0139,05/19/2026,5,19,2026,—,13541.94,0.00,13541.94,100000.00,71793.23,0.2821,Revenue-only day; no expense recorded,Not Applicable,Not Applicable,Not Applicable,Not Applicable,Not Applicable,Not Applicable,,,,Not Applicable,,Not Applicable,No,Not Applicable,Not Applicable,Not Applicable,Not Applicable,No expense workflow needed,No,No,No,No,No,No vendor payment on this date,No,Yes
TXN-2026-0140,05/20/2026,5,20,2026,Travel,16001.04,1538.55,14462.49,100000.00,70254.68,0.2975,Mileage and transit reimbursement,Capital Transit Services,Washington,DC,Yes,Woman-Owned,INV-0520-0140,05/18/2026,06/17/2026,05/28/2026,Paid On Time,10,Yes,No,Auto-Approved,Policy Engine,Yes,Categorized,Expense categorized → Budget updated,No,No,No,No,No,Local DMV vendor; voluntarily identified as Woman-Owned,No,Yes
TXN-2026-0141,05/21/2026,5,21,2026,—,15195.94,0.00,15195.94,100000.00,70254.68,0.2975,Revenue-only day; no expense recorded,Not Applicable,Not Applicable,Not Applicable,Not Applicable,Not Applicable,Not Applicable,,,,Not Applicable,,Not Applicable,No,Not Applicable,Not Applicable,Not Applicable,Not Applicable,No expense workflow needed,No,No,No,No,No,No vendor payment on this date,No,Yes
TXN-2026-0142,05/22/2026,5,22,2026,Equipment,17169.21,3869.39,13299.82,100000.00,66385.29,0.3361,Networking hardware,Commonwealth Equipment Co.,Alexandria,VA,Yes,Minority-Owned,INV-0522-0142,05/20/2026,06/19/2026,05/24/2026,Paid On Time,4,Yes,Yes,Approved,Jordan Lee,Yes,Categorized,Expense categorized → Budget updated → Approval workflow triggered → Exception flagged,No,No,Yes,No,Yes,Local DMV vendor; voluntarily identified as Minority-Owned,No,Yes
TXN-2026-0143,05/23/2026,5,23,2026,Software & Subscriptions,10387.57,2176.64,8210.93,100000.00,64208.65,0.3579,Cybersecurity tools,Capital Cloud Systems,Washington,DC,Yes,Not Disclosed,INV-0523-0143,05/18/2026,06/02/2026,06/14/2026,Paid Late,27,No,No,Auto-Approved,Policy Engine,Yes,Categorized,Expense categorized → Budget updated → Exception flagged,No,No,No,No,Yes,Vendor payment was late; review payment process,No,Yes
TXN-2026-0144,05/24/2026,5,24,2026,Office Supplies,6571.51,3517.44,3054.07,100000.00,60691.21,0.3931,Workspace consumables,Montgomery Office Market,Rockville,MD,Yes,Woman-Owned,INV-0524-0144,05/24/2026,06/23/2026,05/29/2026,Paid On Time,5,Yes,Yes,Approved,Jordan Lee,Yes,Categorized,Expense categorized → Budget updated → Approval workflow triggered,No,No,No,No,No,Local DMV vendor; voluntarily identified as Woman-Owned,No,Yes
TXN-2026-0145,05/25/2026,5,25,2026,—,17226.22,0.00,17226.22,100000.00,60691.21,0.3931,Revenue-only day; no expense recorded,Not Applicable,Not Applicable,Not Applicable,Not Applicable,Not Applicable,Not Applicable,,,,Not Applicable,,Not Applicable,No,Not Applicable,Not Applicable,Not Applicable,Not Applicable,No expense workflow needed,No,No,No,No,No,No vendor payment on this date,No,Yes
TXN-2026-0146,05/26/2026,5,26,2026,Office Supplies,17855.18,2902.30,14952.88,100000.00,57788.91,0.4221,Printer and paper supplies,District Business Supply,Washington,DC,Yes,LGBTQ+-Owned,INV-0526-0146,05/21/2026,07/05/2026,06/07/2026,Paid On Time,17,Yes,Yes,Approved,Casey Williams,Yes,Categorized,Expense categorized → Budget updated → Approval workflow triggered,No,No,No,No,No,Local DMV vendor; voluntarily identified as LGBTQ+-Owned,No,Yes
TXN-2026-0147,05/27/2026,5,27,2026,Office Supplies,16469.20,781.00,15688.20,100000.00,57007.91,0.4299,Printer and paper supplies,Montgomery Office Market,Rockville,MD,Yes,Minority-Owned,INV-0527-0147,05/25/2026,06/24/2026,06/30/2026,Paid Late,36,No,No,Auto-Approved,Policy Engine,Yes,Categorized,Expense categorized → Budget updated → Exception flagged,No,No,No,No,Yes,Vendor payment was late; review payment process,No,Yes
TXN-2026-0148,05/28/2026,5,28,2026,Office Supplies,15595.47,1672.19,13923.28,100000.00,55335.72,0.4466,Workspace consumables,Nova Workspace Goods,Fairfax,VA,Yes,LGBTQ+-Owned,INV-0528-0148,05/24/2026,06/23/2026,07/03/2026,Paid Late,40,No,No,Auto-Approved,Policy Engine,Yes,Categorized,Expense categorized → Budget updated → Exception flagged,No,No,No,No,Yes,Vendor payment was late; review payment process,No,Yes
TXN-2026-0149,05/29/2026,5,29,2026,Office Supplies,15576.68,1443.89,14132.79,100000.00,53891.83,0.4611,Shipping and packaging materials,Nova Workspace Goods,Fairfax,VA,Yes,Disability-Owned,INV-0529-0149,05/28/2026,06/27/2026,05/30/2026,Paid On Time,2,Yes,No,Auto-Approved,Policy Engine,Yes,Categorized,Expense categorized → Budget updated,No,No,No,No,No,Local DMV vendor; voluntarily identified as Disability-Owned,No,Yes
TXN-2026-0150,05/30/2026,5,30,2026,Payroll,10668.70,2336.93,8331.77,100000.00,51554.90,0.4845,Administrative payroll,Internal Payroll,Washington,DC,Yes,Woman-Owned,INV-0530-0150,05/28/2026,06/27/2026,05/31/2026,Paid On Time,3,Yes,No,Auto-Approved,Policy Engine,Yes,Categorized,Expense categorized → Budget updated,No,No,No,No,No,Local DMV vendor; voluntarily identified as Woman-Owned,No,Yes
TXN-2026-0151,05/31/2026,5,31,2026,Travel,9785.71,1192.63,8593.08,100000.00,50362.27,0.4964,Regional conference travel,Capital Transit Services,Washington,DC,Yes,Not Disclosed,INV-0531-0151,05/30/2026,06/29/2026,07/09/2026,Paid Late,40,No,No,Auto-Approved,Policy Engine,Yes,Categorized,Expense categorized → Budget updated → Exception flagged,No,No,No,No,Yes,Vendor payment was late; review payment process,No,Yes
TXN-2026-0152,06/01/2026,6,1,2026,—,13913.92,0.00,13913.92,100000.00,100000.00,0.0000,Revenue-only day; no expense recorded,Not Applicable,Not Applicable,Not Applicable,Not Applicable,Not Applicable,Not Applicable,,,,Not Applicable,,Not Applicable,No,Not Applicable,Not Applicable,Not Applicable,Not Applicable,No expense workflow needed,No,No,No,No,No,No vendor payment on this date,No,Yes
TXN-2026-0153,06/02/2026,6,2,2026,Utilities,13801.14,1077.03,12724.11,100000.00,98922.97,0.0108,Gas utility payment,Pepco,Washington,DC,Yes,Disability-Owned,INV-0602-0153,05/31/2026,07/15/2026,06/21/2026,Paid On Time,21,Yes,No,Auto-Approved,Policy Engine,Yes,Categorized,Expense categorized → Budget updated,No,No,No,No,No,Local DMV vendor; voluntarily identified as Disability-Owned,No,Yes
TXN-2026-0154,06/03/2026,6,3,2026,Operations,13725.67,2352.06,11373.61,100000.00,96570.91,0.0343,Delivery and logistics services,Maryland Process Partners,College Park,MD,Yes,Not Disclosed,INV-0603-0154,05/30/2026,06/29/2026,06/29/2026,Paid On Time,30,Yes,No,Auto-Approved,Policy Engine,Yes,Categorized,Expense categorized → Budget updated,No,No,No,No,No,Local DMV vendor,No,Yes
TXN-2026-0155,06/04/2026,6,4,2026,—,14151.31,0.00,14151.31,100000.00,96570.91,0.0343,Revenue-only day; no expense recorded,Not Applicable,Not Applicable,Not Applicable,Not Applicable,Not Applicable,Not Applicable,,,,Not Applicable,,Not Applicable,No,Not Applicable,Not Applicable,Not Applicable,Not Applicable,No expense workflow needed,No,No,No,No,No,No vendor payment on this date,No,Yes
TXN-2026-0156,06/05/2026,6,5,2026,Travel,15706.15,930.22,14775.93,100000.00,95640.69,0.0436,Regional conference travel,DMV Mobility Partners,College Park,MD,Yes,Veteran-Owned,INV-0605-0156,06/01/2026,07/01/2026,07/02/2026,Paid Late,31,No,No,Auto-Approved,Policy Engine,No,Categorized,Expense categorized → Budget updated → Exception flagged,No,No,No,No,Yes,Vendor payment was late; review payment process,No,Yes
TXN-2026-0157,06/06/2026,6,6,2026,—,9201.49,0.00,9201.49,100000.00,95640.69,0.0436,Revenue-only day; no expense recorded,Not Applicable,Not Applicable,Not Applicable,Not Applicable,Not Applicable,Not Applicable,,,,Not Applicable,,Not Applicable,No,Not Applicable,Not Applicable,Not Applicable,Not Applicable,No expense workflow needed,No,No,No,No,No,No vendor payment on this date,No,Yes
TXN-2026-0158,06/07/2026,6,7,2026,—,7040.14,0.00,7040.14,100000.00,95640.69,0.0436,Revenue-only day; no expense recorded,Not Applicable,Not Applicable,Not Applicable,Not Applicable,Not Applicable,Not Applicable,,,,Not Applicable,,Not Applicable,No,Not Applicable,Not Applicable,Not Applicable,Not Applicable,No expense workflow needed,No,No,No,No,No,No vendor payment on this date,No,Yes
TXN-2026-0159,06/08/2026,6,8,2026,Marketing,17940.77,4469.33,13471.44,100000.00,91171.36,0.0883,Community outreach materials,Anacostia Creative Studio,Washington,DC,Yes,Not Disclosed,INV-0608-0159,06/05/2026,07/05/2026,07/07/2026,Paid Late,32,No,Yes,Approved,Morgan Davis,Yes,Categorized,Expense categorized → Budget updated → Approval workflow triggered → Exception flagged,No,Yes,No,No,Yes,Vendor payment was late; review payment process,No,Yes
TXN-2026-0160,06/09/2026,6,9,2026,—,16241.51,0.00,16241.51,100000.00,91171.36,0.0883,Revenue-only day; no expense recorded,Not Applicable,Not Applicable,Not Applicable,Not Applicable,Not Applicable,Not Applicable,,,,Not Applicable,,Not Applicable,No,Not Applicable,Not Applicable,Not Applicable,Not Applicable,No expense workflow needed,No,No,No,No,No,No vendor payment on this date,No,Yes
TXN-2026-0161,06/10/2026,6,10,2026,—,15371.35,0.00,15371.35,100000.00,91171.36,0.0883,Revenue-only day; no expense recorded,Not Applicable,Not Applicable,Not Applicable,Not Applicable,Not Applicable,Not Applicable,,,,Not Applicable,,Not Applicable,No,Not Applicable,Not Applicable,Not Applicable,Not Applicable,No expense workflow needed,No,No,No,No,No,No vendor payment on this date,No,Yes
TXN-2026-0162,06/11/2026,6,11,2026,Utilities,14604.65,623.84,13980.81,100000.00,90547.52,0.0945,Internet and phone service,Pepco,Washington,DC,Yes,Woman-Owned,INV-0611-0162,06/08/2026,07/23/2026,07/01/2026,Paid On Time,23,Yes,No,Auto-Approved,Policy Engine,Yes,Categorized,Expense categorized → Budget updated,No,No,No,No,No,Local DMV vendor; voluntarily identified as Woman-Owned,No,Yes
TXN-2026-0163,06/12/2026,6,12,2026,—,17142.92,0.00,17142.92,100000.00,90547.52,0.0945,Revenue-only day; no expense recorded,Not Applicable,Not Applicable,Not Applicable,Not Applicable,Not Applicable,Not Applicable,,,,Not Applicable,,Not Applicable,No,Not Applicable,Not Applicable,Not Applicable,Not Applicable,No expense workflow needed,No,No,No,No,No,No vendor payment on this date,No,Yes
TXN-2026-0164,06/13/2026,6,13,2026,Miscellaneous,9217.61,3789.25,5428.36,100000.00,86758.27,0.1324,Community event expense,Beltway General Services,Takoma Park,MD,Yes,Not Disclosed,INV-0613-0164,06/13/2026,07/13/2026,06/15/2026,Paid On Time,2,Yes,Yes,Approved,Morgan Davis,Yes,Categorized,Expense categorized → Budget updated → Approval workflow triggered,No,No,No,No,No,Local DMV vendor,No,Yes
TXN-2026-0165,06/14/2026,6,14,2026,Travel,8110.10,470.65,7639.45,100000.00,86287.62,0.1371,Client meeting transportation,Regional Travel Desk,Alexandria,VA,Yes,Veteran-Owned,INV-0614-0165,06/09/2026,07/09/2026,07/01/2026,Paid On Time,22,Yes,No,Auto-Approved,Policy Engine,Yes,Categorized,Expense categorized → Budget updated,No,No,No,No,No,Local DMV vendor; voluntarily identified as Veteran-Owned,No,Yes
TXN-2026-0166,06/15/2026,6,15,2026,Office Supplies,16629.19,3973.84,12655.35,100000.00,82313.78,0.1769,Shipping and packaging materials,District Business Supply,Washington,DC,Yes,Not Disclosed,INV-0615-0166,06/10/2026,06/25/2026,06/21/2026,Paid On Time,11,Yes,Yes,Approved,Taylor Johnson,Yes,Categorized,Expense categorized → Budget updated → Approval workflow triggered,No,No,No,No,No,Local DMV vendor,No,Yes
TXN-2026-0167,06/16/2026,6,16,2026,—,14256.37,0.00,14256.37,100000.00,82313.78,0.1769,Revenue-only day; no expense recorded,Not Applicable,Not Applicable,Not Applicable,Not Applicable,Not Applicable,Not Applicable,,,,Not Applicable,,Not Applicable,No,Not Applicable,Not Applicable,Not Applicable,Not Applicable,No expense workflow needed,No,No,No,No,No,No vendor payment on this date,No,Yes
TXN-2026-0168,06/17/2026,6,17,2026,—,16600.57,0.00,16600.57,100000.00,82313.78,0.1769,Revenue-only day; no expense recorded,Not Applicable,Not Applicable,Not Applicable,Not Applicable,Not Applicable,Not Applicable,,,,Not Applicable,,Not Applicable,No,Not Applicable,Not Applicable,Not Applicable,Not Applicable,No expense workflow needed,No,No,No,No,No,No vendor payment on this date,No,Yes
TXN-2026-0169,06/18/2026,6,18,2026,Equipment,16928.16,4639.45,12288.71,100000.00,77674.33,0.2233,Point-of-sale equipment,Commonwealth Equipment Co.,Alexandria,VA,Yes,LGBTQ+-Owned,INV-0618-0169,06/14/2026,07/14/2026,06/20/2026,Paid On Time,6,Yes,Yes,Approved,Jordan Lee,Yes,Categorized,Expense categorized → Budget updated → Approval workflow triggered → Exception flagged,No,Yes,Yes,No,Yes,Local DMV vendor; voluntarily identified as LGBTQ+-Owned,No,Yes
TXN-2026-0170,06/19/2026,6,19,2026,—,15016.36,0.00,15016.36,100000.00,77674.33,0.2233,Revenue-only day; no expense recorded,Not Applicable,Not Applicable,Not Applicable,Not Applicable,Not Applicable,Not Applicable,,,,Not Applicable,,Not Applicable,No,Not Applicable,Not Applicable,Not Applicable,Not Applicable,No expense workflow needed,No,No,No,No,No,No vendor payment on this date,No,Yes
TXN-2026-0171,06/20/2026,6,20,2026,Office Supplies,8989.96,3989.67,5000.29,100000.00,73684.66,0.2632,Printer and paper supplies,Nova Workspace Goods,Fairfax,VA,Yes,Not Disclosed,INV-0620-0171,06/16/2026,07/16/2026,07/17/2026,Paid Late,31,No,Yes,Approved,Morgan Davis,Yes,Categorized,Expense categorized → Budget updated → Approval workflow triggered → Exception flagged,No,No,No,No,Yes,Vendor payment was late; review payment process,No,Yes
TXN-2026-0172,06/21/2026,6,21,2026,Utilities,9235.49,4012.90,5222.59,100000.00,69671.76,0.3033,Gas utility payment,Pepco,Washington,DC,Yes,Minority-Owned,INV-0621-0172,06/21/2026,07/21/2026,06/28/2026,Paid On Time,7,Yes,Yes,Approved,Morgan Davis,Yes,Categorized,Expense categorized → Budget updated → Approval workflow triggered → Exception flagged,No,Yes,Yes,No,Yes,Local DMV vendor; voluntarily identified as Minority-Owned,No,Yes
TXN-2026-0173,06/22/2026,6,22,2026,—,14245.32,0.00,14245.32,100000.00,69671.76,0.3033,Revenue-only day; no expense recorded,Not Applicable,Not Applicable,Not Applicable,Not Applicable,Not Applicable,Not Applicable,,,,Not Applicable,,Not Applicable,No,Not Applicable,Not Applicable,Not Applicable,Not Applicable,No expense workflow needed,No,No,No,No,No,No vendor payment on this date,No,Yes
TXN-2026-0174,06/23/2026,6,23,2026,Miscellaneous,14949.00,3257.08,11691.92,100000.00,66414.68,0.3359,Community event expense,Neighborhood Business Market,Washington,DC,Yes,LGBTQ+-Owned,INV-0623-0174,06/18/2026,07/18/2026,06/27/2026,Paid On Time,9,Yes,Yes,Approved,Taylor Johnson,Yes,Categorized,Expense categorized → Budget updated → Approval workflow triggered,No,No,No,No,No,Local DMV vendor; voluntarily identified as LGBTQ+-Owned,No,Yes
TXN-2026-0175,06/24/2026,6,24,2026,Travel,15368.15,995.56,14372.59,100000.00,65419.12,0.3458,Local business travel,DMV Mobility Partners,College Park,MD,Yes,Veteran-Owned,INV-0624-0175,06/19/2026,07/19/2026,07/04/2026,Paid On Time,15,Yes,No,Auto-Approved,Policy Engine,Yes,Categorized,Expense categorized → Budget updated,No,No,No,No,No,Local DMV vendor; voluntarily identified as Veteran-Owned,No,Yes
TXN-2026-0176,06/25/2026,6,25,2026,—,14833.33,0.00,14833.33,100000.00,65419.12,0.3458,Revenue-only day; no expense recorded,Not Applicable,Not Applicable,Not Applicable,Not Applicable,Not Applicable,Not Applicable,,,,Not Applicable,,Not Applicable,No,Not Applicable,Not Applicable,Not Applicable,Not Applicable,No expense workflow needed,No,No,No,No,No,No vendor payment on this date,No,Yes
TXN-2026-0177,06/26/2026,6,26,2026,—,15409.49,0.00,15409.49,100000.00,65419.12,0.3458,Revenue-only day; no expense recorded,Not Applicable,Not Applicable,Not Applicable,Not Applicable,Not Applicable,Not Applicable,,,,Not Applicable,,Not Applicable,No,Not Applicable,Not Applicable,Not Applicable,Not Applicable,No expense workflow needed,No,No,No,No,No,No vendor payment on this date,No,Yes
TXN-2026-0178,06/27/2026,6,27,2026,Marketing,9753.41,2552.32,7201.09,100000.00,62866.80,0.3713,Digital advertising campaign,Arlington Media Lab,Arlington,VA,Yes,Veteran-Owned,INV-0627-0178,06/27/2026,08/11/2026,08/04/2026,Paid On Time,38,Yes,Yes,Approved,Morgan Davis,Yes,Categorized,Expense categorized → Budget updated → Approval workflow triggered,No,No,No,No,No,Local DMV vendor; voluntarily identified as Veteran-Owned,No,Yes
TXN-2026-0179,06/28/2026,6,28,2026,Office Supplies,7515.45,2421.89,5093.56,100000.00,60444.91,0.3956,Shipping and packaging materials,Montgomery Office Market,Rockville,MD,Yes,Woman-Owned,INV-0628-0179,06/26/2026,08/10/2026,07/08/2026,Paid On Time,12,Yes,No,Auto-Approved,Policy Engine,No,Categorized,Expense categorized → Budget updated → Exception flagged,No,No,No,No,Yes,Local DMV vendor; voluntarily identified as Woman-Owned,No,Yes
TXN-2026-0180,06/29/2026,6,29,2026,Professional Services,17283.92,2234.01,15049.91,100000.00,58210.90,0.4179,Legal consultation,Nova HR Partners,Arlington,VA,Yes,Not Disclosed,INV-0629-0180,06/25/2026,07/25/2026,07/31/2026,Paid Late,36,No,Yes,Approved,Taylor Johnson,Yes,Categorized,Expense categorized → Budget updated → Approval workflow triggered → Exception flagged,No,No,No,No,Yes,Vendor payment was late; review payment process,No,Yes
TXN-2026-0181,06/30/2026,6,30,2026,Office Supplies,14035.87,3366.81,10669.06,100000.00,54844.09,0.4516,Printer and paper supplies,Nova Workspace Goods,Fairfax,VA,Yes,Veteran-Owned,INV-0630-0181,06/27/2026,08/11/2026,08/03/2026,Paid On Time,37,Yes,Yes,Approved,Morgan Davis,Yes,Categorized,Expense categorized → Budget updated → Approval workflow triggered,No,No,No,No,No,Local DMV vendor; voluntarily identified as Veteran-Owned,No,Yes
TXN-2026-0182,07/01/2026,7,1,2026,Professional Services,15319.31,2723.65,12595.66,100000.00,97276.35,0.0272,Human resources support,Civic Ledger Accounting,Washington,DC,Yes,Not Disclosed,INV-0701-0182,07/01/2026,07/31/2026,07/19/2026,Paid On Time,18,Yes,Yes,Approved,Morgan Davis,Yes,Categorized,Expense categorized → Budget updated → Approval workflow triggered,No,No,No,No,No,Local DMV vendor,No,Yes
TXN-2026-0183,07/02/2026,7,2,2026,—,15496.53,0.00,15496.53,100000.00,97276.35,0.0272,Revenue-only day; no expense recorded,Not Applicable,Not Applicable,Not Applicable,Not Applicable,Not Applicable,Not Applicable,,,,Not Applicable,,Not Applicable,No,Not Applicable,Not Applicable,Not Applicable,Not Applicable,No expense workflow needed,No,No,No,No,No,No vendor payment on this date,No,Yes
TXN-2026-0184,07/03/2026,7,3,2026,Professional Services,16417.71,1409.76,15007.95,100000.00,95866.59,0.0413,Legal consultation,Potomac Legal & Advisory,Bethesda,MD,Yes,Not Disclosed,INV-0703-0184,06/28/2026,07/13/2026,07/29/2026,Paid Late,31,No,No,Auto-Approved,Policy Engine,Yes,Categorized,Expense categorized → Budget updated → Exception flagged,No,No,No,No,Yes,Vendor payment was late; review payment process,No,Yes
TXN-2026-0185,07/04/2026,7,4,2026,Utilities,7820.58,1617.30,6203.28,100000.00,94249.29,0.0575,Electric utility payment,Washington Gas,Washington,DC,Yes,Disability-Owned,INV-0704-0185,06/29/2026,07/29/2026,07/16/2026,Paid On Time,17,Yes,No,Auto-Approved,Policy Engine,No,Categorized,Expense categorized → Budget updated → Exception flagged,No,No,No,No,Yes,Local DMV vendor; voluntarily identified as Disability-Owned,No,Yes
TXN-2026-0186,07/05/2026,7,5,2026,—,9989.68,0.00,9989.68,100000.00,94249.29,0.0575,Revenue-only day; no expense recorded,Not Applicable,Not Applicable,Not Applicable,Not Applicable,Not Applicable,Not Applicable,,,,Not Applicable,,Not Applicable,No,Not Applicable,Not Applicable,Not Applicable,Not Applicable,No expense workflow needed,No,No,No,No,No,No vendor payment on this date,No,Yes
TXN-2026-0187,07/06/2026,7,6,2026,Professional Services,17068.72,1435.72,15633.00,100000.00,92813.57,0.0719,Human resources support,Nova HR Partners,Arlington,VA,Yes,Minority-Owned,INV-0706-0187,07/01/2026,07/31/2026,07/15/2026,Paid On Time,14,Yes,No,Auto-Approved,Policy Engine,Yes,Categorized,Expense categorized → Budget updated,No,No,No,No,No,Local DMV vendor; voluntarily identified as Minority-Owned,No,Yes
TXN-2026-0188,07/07/2026,7,7,2026,—,16638.18,0.00,16638.18,100000.00,92813.57,0.0719,Revenue-only day; no expense recorded,Not Applicable,Not Applicable,Not Applicable,Not Applicable,Not Applicable,Not Applicable,,,,Not Applicable,,Not Applicable,No,Not Applicable,Not Applicable,Not Applicable,Not Applicable,No expense workflow needed,No,No,No,No,No,No vendor payment on this date,No,Yes
TXN-2026-0189,07/08/2026,7,8,2026,—,16681.88,0.00,16681.88,100000.00,92813.57,0.0719,Revenue-only day; no expense recorded,Not Applicable,Not Applicable,Not Applicable,Not Applicable,Not Applicable,Not Applicable,,,,Not Applicable,,Not Applicable,No,Not Applicable,Not Applicable,Not Applicable,Not Applicable,No expense workflow needed,No,No,No,No,No,No vendor payment on this date,No,Yes
TXN-2026-0190,07/09/2026,7,9,2026,Travel,17731.56,984.40,16747.16,100000.00,91829.17,0.0817,Client meeting transportation,Capital Transit Services,Washington,DC,Yes,Not Disclosed,INV-0709-0190,07/04/2026,08/03/2026,07/29/2026,Paid On Time,25,Yes,No,Auto-Approved,Policy Engine,Yes,Categorized,Expense categorized → Budget updated,No,No,No,No,No,Local DMV vendor,No,Yes
TXN-2026-0191,07/10/2026,7,10,2026,Software & Subscriptions,14142.25,361.65,13780.60,100000.00,91467.52,0.0853,Cloud hosting and storage,Blue Ridge Digital Tools,Arlington,VA,Yes,Minority-Owned,INV-0710-0191,07/05/2026,08/04/2026,07/07/2026,Paid On Time,2,Yes,No,Auto-Approved,Policy Engine,Yes,Categorized,Expense categorized → Budget updated,No,No,No,No,No,Local DMV vendor; voluntarily identified as Minority-Owned,No,Yes
TXN-2026-0192,07/11/2026,7,11,2026,Operations,7000.51,3116.09,3884.42,100000.00,88351.43,0.1165,Inventory and fulfillment support,Capital Operations Group,Washington,DC,Yes,Minority-Owned,INV-0711-0192,07/09/2026,08/08/2026,08/08/2026,Paid On Time,30,Yes,Yes,Approved,Morgan Davis,Yes,Categorized,Expense categorized → Budget updated → Approval workflow triggered,No,No,No,No,No,Local DMV vendor; voluntarily identified as Minority-Owned,No,Yes
TXN-2026-0193,07/12/2026,7,12,2026,Marketing,10079.49,2819.40,7260.09,100000.00,85532.03,0.1447,Social media promotion,Beltway Brand Works,Hyattsville,MD,Yes,Woman-Owned,INV-0712-0193,07/08/2026,08/07/2026,07/29/2026,Paid On Time,21,Yes,Yes,Approved,Taylor Johnson,Yes,Categorized,Expense categorized → Budget updated → Approval workflow triggered,No,No,No,No,No,Local DMV vendor; voluntarily identified as Woman-Owned,No,Yes
TXN-2026-0194,07/13/2026,7,13,2026,Operations,16181.35,4639.56,11541.79,100000.00,80892.47,0.1911,Routine maintenance services,Virginia Business Logistics,Alexandria,VA,Yes,Disability-Owned,INV-0713-0194,07/13/2026,08/12/2026,08/08/2026,Paid On Time,26,Yes,Yes,Approved,Jordan Lee,Yes,Categorized,Expense categorized → Budget updated → Approval workflow triggered → Exception flagged,No,Yes,Yes,No,Yes,Local DMV vendor; voluntarily identified as Disability-Owned,No,Yes
TXN-2026-0195,07/14/2026,7,14,2026,—,15238.90,0.00,15238.90,100000.00,80892.47,0.1911,Revenue-only day; no expense recorded,Not Applicable,Not Applicable,Not Applicable,Not Applicable,Not Applicable,Not Applicable,,,,Not Applicable,,Not Applicable,No,Not Applicable,Not Applicable,Not Applicable,Not Applicable,No expense workflow needed,No,No,No,No,No,No vendor payment on this date,No,Yes
TXN-2026-0196,07/15/2026,7,15,2026,Professional Services,14641.98,494.48,14147.50,100000.00,80397.99,0.1960,Legal consultation,Potomac Legal & Advisory,Bethesda,MD,Yes,Not Disclosed,INV-0715-0196,07/15/2026,08/14/2026,07/24/2026,Paid On Time,9,Yes,No,Auto-Approved,Policy Engine,Yes,Categorized,Expense categorized → Budget updated,No,No,No,No,No,Local DMV vendor,No,Yes
TXN-2026-0197,07/16/2026,7,16,2026,Operations,16921.56,3921.81,12999.75,100000.00,76476.18,0.2352,Inventory and fulfillment support,Capital Operations Group,Washington,DC,Yes,Not Disclosed,INV-0716-0197,07/13/2026,07/28/2026,,Pending,,Pending,Yes,Pending Review,Unassigned,Yes,Categorized,Expense categorized → Budget updated → Approval workflow triggered → Invoice reminder sent → Exception flagged,No,No,No,No,Yes,Local DMV vendor,Yes,Yes
TXN-2026-0198,07/17/2026,7,17,2026,Utilities,18340.15,700.80,17639.35,100000.00,75775.38,0.2422,Electric utility payment,Pepco,Washington,DC,Yes,Not Disclosed,INV-0717-0198,07/15/2026,08/14/2026,,Pending,,Pending,No,Auto-Approved,Policy Engine,Yes,Categorized,Expense categorized → Budget updated,No,No,No,No,No,Local DMV vendor,No,Yes
TXN-2026-0199,07/18/2026,7,18,2026,Miscellaneous,10170.35,1199.45,8970.90,100000.00,74575.93,0.2542,Unplanned business expense,Neighborhood Business Market,Washington,DC,Yes,Minority-Owned,INV-0718-0199,07/14/2026,08/28/2026,08/04/2026,Paid On Time,21,Yes,No,Auto-Approved,Policy Engine,Yes,Categorized,Expense categorized → Budget updated,No,No,No,No,No,Local DMV vendor; voluntarily identified as Minority-Owned,No,Yes
TXN-2026-0200,07/19/2026,7,19,2026,Professional Services,9112.72,1532.69,7580.03,100000.00,73043.24,0.2696,Business advisory services,Potomac Legal & Advisory,Bethesda,MD,Yes,Woman-Owned,INV-0719-0200,07/17/2026,08/01/2026,08/17/2026,Paid Late,31,No,Yes,Approved,Jordan Lee,Yes,Categorized,Expense categorized → Budget updated → Approval workflow triggered → Exception flagged,No,No,No,No,Yes,Vendor payment was late; review payment process,No,Yes
TXN-2026-0201,07/20/2026,7,20,2026,Miscellaneous,16789.51,3037.78,13751.73,100000.00,70005.46,0.2999,Unplanned business expense,Commonwealth Service Hub,Falls Church,VA,Yes,Veteran-Owned,INV-0720-0201,07/15/2026,07/30/2026,,Pending,,Pending,Yes,Approved,Jordan Lee,Yes,Categorized,Expense categorized → Budget updated → Approval workflow triggered → Invoice reminder sent,No,No,No,No,No,Local DMV vendor; voluntarily identified as Veteran-Owned,Yes,Yes
TXN-2026-0202,07/21/2026,7,21,2026,—,16894.38,0.00,16894.38,100000.00,70005.46,0.2999,Revenue-only day; no expense recorded,Not Applicable,Not Applicable,Not Applicable,Not Applicable,Not Applicable,Not Applicable,,,,Not Applicable,,Not Applicable,No,Not Applicable,Not Applicable,Not Applicable,Not Applicable,No expense workflow needed,No,No,No,No,No,No vendor payment on this date,No,Yes
TXN-2026-0203,07/22/2026,7,22,2026,Utilities,18393.40,1380.60,17012.80,100000.00,68624.86,0.3138,Gas utility payment,Pepco,Washington,DC,Yes,Minority-Owned,INV-0722-0203,07/18/2026,08/17/2026,,Pending,,Pending,No,Auto-Approved,Policy Engine,Yes,Categorized,Expense categorized → Budget updated,No,No,No,No,No,Local DMV vendor; voluntarily identified as Minority-Owned,No,Yes
TXN-2026-0204,07/23/2026,7,23,2026,Equipment,14593.22,499.05,14094.17,100000.00,68125.81,0.3187,Office equipment replacement,DMV Office Tech,Silver Spring,MD,Yes,Veteran-Owned,INV-0723-0204,07/20/2026,08/19/2026,,Pending,,Pending,No,Auto-Approved,Policy Engine,Yes,Categorized,Expense categorized → Budget updated,No,No,No,No,No,Local DMV vendor; voluntarily identified as Veteran-Owned,No,Yes
TXN-2026-0205,07/24/2026,7,24,2026,Miscellaneous,14259.77,2335.09,11924.68,100000.00,65790.72,0.3421,Community event expense,Beltway General Services,Takoma Park,MD,Yes,Minority-Owned,INV-0724-0205,07/22/2026,08/06/2026,07/31/2026,Paid On Time,9,Yes,No,Auto-Approved,Policy Engine,Yes,Categorized,Expense categorized → Budget updated,No,No,No,No,No,Local DMV vendor; voluntarily identified as Minority-Owned,No,Yes
TXN-2026-0206,07/25/2026,7,25,2026,Software & Subscriptions,6996.62,3418.89,3577.73,100000.00,62371.83,0.3763,Cloud hosting and storage,Potomac SaaS Solutions,Bethesda,MD,Yes,Minority-Owned,INV-0725-0206,07/20/2026,08/19/2026,08/13/2026,Paid On Time,24,Yes,Yes,Approved,Taylor Johnson,Yes,Categorized,Expense categorized → Budget updated → Approval workflow triggered,No,No,No,No,No,Local DMV vendor; voluntarily identified as Minority-Owned,No,Yes
